cast,revenue
 Aamir Khan,28430000
 Abdolrahman Bagheri,0
 Adam Baldwin,46357676
 Adolfo Celi,0
 Adèle Haenel,9923127
 Agustín Pardella,1281
 Ahmed Ahmed Poor,0
 Ai Kayano,6356284
 Akari Kito,523542183
 Akio Otsuka,10000000
 Akira Ishihama,0
 Akira Terao,23334156
 Al Ernest Garcia,0
 Al Pacino,245066411
 Alakina Mann,210002906
 Alan Ford,83557872
 Alan Rickman,140767956
 Alan Ritchson,20571534
 Albert Dupontel,15100000
 Albert Finney,123200000
 Alberto Sordi,0
 Albrecht Schuch,0
 Aldis Hodge,201634991
 Alec Guinness,114908000
 Alec Secăreanu,2559939
 Aleksandr Kaydanovskiy,0
 Aleksandra Konieczna,9943901
 Aleksey Batalov,0
 Aleksey Serebryakov,57512470
 Alessandro Borghi,9494985
 Alessio Boni,2693053
 Alexandra Maria Lara,92181574
 Alexandra Shipp,0
 Alida Valli,1226098
 Allison Williams,255407969
 Amanda Collin,2246680
 America Ferrera,539987993
 Ana Claudia Talancón,0
 Ana Wagener,30000000
 Andie MacDowell,71108778
 André Ramiro,14759148
 Anita Ekberg,19647000
 Anna Foglietta,32207491
 Anna Mazzamauro,0
 Anne Bancroft,104945305
 Anne Baxter,8400000
 Anne Hathaway,746606706
 Annette Bening,356296601
 Annie Gonzalez,0
 Anouk Aimée,0
 Anthony Hopkins,272742922
 Anthony Quinn,0
 Antoine Bourseiller,0
 Antonio Bolívar,1320005
 Anushka Sharma,118920000
 Anya Taylor-Joy,0
 Aoi Miyazaki,49714378
 Ariel Winter,0
 Armando Brancia,0
 Arnaud Valois,7632420
 Asami Seto,0
 Audrey Hepburn,16475000
 Aunjanue Ellis-Taylor,39400000
 Awkwafina,130423032
 Aya Hisakawa,125002821
 Ayano Shiraishi,842132
 Ayu Kitaura,0
 Bahare Seddiqi,925402
 Barbara Dennek,0
 Barbara Stanwyck,2500000
 Bastien Bouillon,75360860
 Batyste Fleurial,10898998
 Belçim Bilgin,0
 Ben Foster,0
 Ben Kingsley,321365567
 Ben Schnetzer,16700000
 Ben Schwartz,492162604
 Bengt Ekerot,311212
 Benjamin Bollen,40208268
 Benny Emmanuel,0
 Benoît Régent,1527572
 Bernard Blier,0
 Betty Gilpin,78871079
 Bibi Andersson,0
 Billy Crystal,579700000
 Billy West,0
 Birgitta Valberg,700000
 Birgitte Federspiel,0
 Bleuette Bernon,0
 Bobby Moynihan,0
 Borivoje Todorović,0
 Brad Dourif,108981275
 Brad Pitt,428165612
 Brad Renfro,2568235
 Brady Corbet,2148548
 Brendan Gleeson,857522
 Brian Tyree Henry,129408392
 Brie Larson,50401502
 Brigitte Helm,1350322
 Burt Reynolds,43101594
 Byeon Woo-seok,0
 C. Thomas Howell,0
 Caleb Landry Jones,0
 Callan McAuliffe,4324817
 Cameron Boyce,0
 Camila Márdila,0
 Cara Delevingne,0
 Carl Möhner,460000
 Carlos Espejel,7144638
 Carrie Henn,183316455
 Carrie-Anne Moss,40047236
 Cate Blanchett,621537519
 Catherine Deneuve,40061153
 Catherine McCormack,213216216
 Catherine Spaak,1314230
 Cathy Moriarty,23380203
 Cha Tae-hyun,125983972
 Chanon Santinatornkul,42350000
 Charles Le Clainche,0
 Charles Vanel,0
 Charli xcx,0
 Charlie Hunnam,115171795
 Charlize Theron,455107778
 Chazz Palminteri,17287898
 Chieko Higashiyama,0
 Chika Sakamoto,41000000
 Chiwetel Ejiofor,0
 Cho Min-soo,24340302
 Choi Min-sik,12966357
 Chow Yun-Fat,104731450
 Chris Cooper,34698685
 Chris Evans,6683567574
 Chris O'Donnell,134100000
 Chris Pratt,141888276
 Chris Sarandon,75634409
 Christian Bale,335184521
 Christine Hargreaves,22244207
 Christoph Waltz,425368238
 Christopher Carley,270000000
 Christopher Lloyd,713109762
 Christopher Plummer,1021318240
 Christopher Shea,0
 Christopher Walken,49000000
 Claire Bloom,1000000
 Claire Maurier,0
 Clare-Hope Ashitey,70595464
 Clark Gable,402352579
 Claudette Colbert,4500000
 Claudia Cardinale,0
 Claudio Bigagli,4532791
 Clint Eastwood,182000000
 Cole Sprouse,92600000
 Coleen Gray,0
 Colin Farrell,0
 Colin Firth,414351546
 Conrad Veidt,8811
 Craig Stott,0
 Dafne Keen,619021436
 Daisuke Namikawa,20339624
 Dakota Beavers,0
 Damien Boisseau,1756552
 Damien Witecka,19030780
 Damson Idris,626222234
 Dana Andrews,0
 Daniel Auteuil,7434840
 Daniel Brühl,90200000
 Daniel Haddad,21761164
 Daniela Rocca,0
 Danielle Darrieux,0
 Danny McBride,0
 Dar Salim,21948551
 Daria Nicolodi,2900000
 David Bradley,0
 David Carradine,152159461
 David Harbour,121700000
 David James Elliott,0
 David Morse,286801374
 David Strathairn,0
 David Tennant,10000000
 Dean Fleischer Camp,6909209
 Dean Martin,5750000
 Dean-Charles Chapman,446064352
 Deedee Magno,0
 Denzel Washington,206678440
 Diane Keaton,84183512
 Diego Peretti,7627100
 Dominic Sessa,42513270
 Donald O'Connor,7200000
 Donatas Banionis,0
 Donna Reed,9644124
 Donnie Yen,440157245
 Doğa Zeynep Doğuşlu,5300000
 Duane Jones,30236452
 Dustin Hoffman,53267000
 Débora Falabella,0
 Déborah Lukumuena,0
 Eddie Murphy,792948442
 Edward Furlong,23900000
 Eiji Okada,3193
 El Hedi ben Salem,186757
 Eleanor Bron,10000000
 Eli Wallach,38900000
 Elissa Knight,521311860
 Elizabeth Taylor,17570324
 Ellen DeGeneres,940335536
 Ellen Widmann,35274
 Emi Shinohara,0
 Emi Takei,33457923
 Emil Jannings,0
 Emily Blunt,1693082512
 Emir Ali Doğrul,0
 Emma Stone,509183536
 Emma Thompson,233503234
 Emma Watson,2545801214
 Emmanuelle Riva,29800000
 Enzo Staiola,450159
 Erika Bók,162088
 Erin Bethea,33473297
 Erland Josephson,311708
 Ernst Pittschau,0
 Ester Birch,0
 Ethan Hawke,6170998
 Ettore Garofolo,0
 Eugène Silvain,18121
 Eva Marie Saint,13275000
 Eva Whittaker,1310720
 Ewen Bremner,71981823
 F. Murray Abraham,174600318
 Fatima Sana Shaikh,311000000
 Faye Dunaway,30000000
 Felicity Jones,123726688
 Fernanda Montenegro,36109482
 Fiorenza Marchegiani,0
 Florinda Bolkan,0
 Franca Pasut,0
 Francisco Rabal,679244
 Frankie Corio,7834405
 François Berléand,83600000
 François Périer,967290
 Françoise Dorléac,0
 Françoise Fabian,0
 Fredric March,25650000
 Freida Pinto,378400000
 Fábio Audi,1207841
 Gabriel Byrne,23300000
 Gabriel Guevara,0
 Gael García Bernal,835549639
 Gary Lockwood,71923560
 Gary Oldman,1081041287
 Gastone Moschin,0
 Gastón Pauls,12413888
 Gedde Watanabe,0
 Gene Hackman,159157447
 Gene Tierney,2000000
 Geneviève Doang,0
 Geoffrey Rush,1069222773
 George C. Scott,9500000
 George Kennedy,16217773
 George MacKay,23251861
 George Peppard,9500000
 Georges Poujouly,10188
 Georges Sellier,48980
 Gerard Butler,495141736
 Giacomo Poretti,0
 Giorgi Nakashidze,0
 Giovanna Lancellotti,0
 Giovanni Storti,0
 Giulia Be,0
 Giulio Berruti,0
 Gloria Colston,1447740
 Gloria Grahame,0
 Gloria Swanson,5000000
 Gong Li,162242962
 Grace Kelly,40042336
 Gregory Peck,25129846
 Gunnar Björnstrand,8939
 Gustav De Waele,3129968
 Gustav von Wangenheim,24194
 Guy Pearce,75395048
 Gwilym Lee,910813521
 Gérard Depardieu,0
 Ha Jung-woo,0
 Hailee Steinfeld,690897910
 Haley Joel Osment,672800000
 Harrison Ford,1886498007
 Harry Connick Jr.,23300000
 Harry Shum Jr.,2000000
 Harshaali Malthotra,150000000
 Haruka Tomatsu,43359399
 Haruo Tanaka,55240
 Hayato Taya,0
 Hayley Squires,15793051
 Heath Ledger,1004558444
 Helen Hunt,429632142
 Henning Moritzen,0
 Henry Cavill,0
 Henry Czerny,0
 Henry Fonda,5380118
 Herbert Grönemeyer,85000000
 Hidetoshi Nishijima,117932401
 Hideyuki Tanaka,151086
 Hikari Mitsushima,0
 Hilary Swank,216763646
 Hilda Borgström,0
 Hinata Hiiragi,0
 Hiroki Doi,202404009
 Hiroshi Kamiya,1397526
 Hokuto Matsumura,323638107
 Holly Hunter,631442092
 Hubert Koundé,15300000
 Hugo Weaving,134686457
 Hélène Chatelain,0
 Ian Holm,623726000
 Ian McKellen,2916544743
 Ichiro Nagai,9016411
 Ignat Daniltsev,124367
 Ingrid Bergman,34962500
 Ingrid Thulin,0
 Irandhir Santos,63027681
 Irene Papas,83305
 Issey Ogata,0
 Issey Takahashi,0
 Isuzu Yamada,13422
 Ivan Lapikov,24173
 Izudin Bajrović,813253
 J.K. Simmons,50307484
 Jack Benny,1500000
 Jack Carson,5638000
 Jack Dylan Grazer,111766795
 Jack Griffo,0
 Jack Lemmon,25000000
 Jackie Coogan,5450000
 Jackie Gleason,7600000
 Jackie Guerra,60000000
 Jackson Yee,225879065
 Jacob Elordi,480678
 Jacob Tremblay,35401758
 Jacqueline Andere,0
 Jacques Perrin,12462062
 Jaden Smith,307077295
 Jae Hee,3403957
 Jake Gyllenhaal,300170448
 Jake Johnson,393602435
 Jake T. Austin,0
 James Argiro,0
 James Caan,61300000
 James Coburn,0
 James Cromwell,122563539
 James Garner,11700000
 James Remar,22490039
 James Stewart,8000000
 James Woods,5500000
 Jan Josef Liefers,0
 Jan Sterling,1300000
 Jane Darwell,1591000
 Jane Greer,0
 Jane Wyman,11000000
 Janet Gaynor,3272000
 Janet Leigh,52295565
 Jannik Schümann,0
 Jared Leto,7390108
 Jason Bateman,1025521689
 Jason Flemyng,28356188
 Jean Arthur,9600000
 Jean Keraudy,33187
 Jean Martin,964028
 Jean Valmont,0
 Jean-Louis Barrault,1457
 Jean-Louis Trintignant,4127033
 Jean-Paul Belmondo,0
 Jeanne Moreau,0
 Jeffrey Hunter,0
 Jena Malone,7500000
 Jenna Coleman,0
 Jennifer Carpenter,0
 Jennifer Connelly,316791257
 Jennifer Garner,55736588
 Jensen Ackles,6629178
 Jeremy Renner,203388186
 Jerry Lewis,2536000
 Jerry O'Connell,0
 Jesse Borrego,4500000
 Jessica Chastain,631058917
 Jessica Rothe,16367326
 Jessica Tandy,119418501
 Jessica Williams,0
 Jesús Zavala,0
 Jim Sturgess,19255873
 Jitsuko Yoshimura,0
 Joan Allen,46800000
 Joan Crawford,0
 Joan Fontaine,7592465
 Joaquin Phoenix,465516248
 Joaquín Cosío,6703873
 Jodie Foster,28579636
 Joe Odagiri,16653488
 JoeyStarr,20374201
 Johan Heldenbergh,5500000
 John Belushi,115229890
 John Cassavetes,33395426
 John Cazale,56665856
 John Cho,25860000
 John Cleese,26596896
 John Dall,2200000
 John Fiedler,4360000
 John Gallagher Jr.,1645164
 John Goodman,47010480
 John Hurt,26000000
 John Wayne,1103757
 Johnny Flynn,51437352
 Jojo T. Gibbs,4082217
 Jonah Hill,407038432
 Jonathan Espinoza,0
 Jonno Davies,22549151
 Jordan Rodrigues,0
 Joseph,2892718496
 Joseph Cotten,23218000
 Joseph Gordon-Levitt,839030630
 Josephine Hull,0
 Josh Lucas,49200000
 Ju Ji-hoon,112790210
 Juancho Hernangómez,0
 Judd Nelson,51530442
 Julia Roberts,315025930
 Julia Stockler,0
 Julian Dennison,23900000
 Julianne Nicholson,0
 Julie Delpy,21980001
 Juliette Lewis,10000000
 Jun Kasama,258000000
 Jung Hae-in,8631781
 Jung Ryeo-won,0
 Jung Yu-mi,31500000
 Justice Smith,0
 Justine Waddell,3984390
 KJ Apa,205000000
 Kaitlyn Robrock,0
 Kajol,42345360
 Kana Hanazawa,213159878
 Kara Hayward,68263166
 Karen Allen,389925971
 Kari Wahlgren,0
 Karl Malden,9600631
 Karuna Banerjee,536364
 Kasumi Arimura,34949567
 Kate Winslet,2336420479
 Kate del Castillo,23311391
 Kathryn McGuire,0
 Kaya Kiyohara,0
 Kayoko Kishimoto,0
 Keira Knightley,364572332
 Keith David,19629760
 Kelly Donohue,0
 Kenji Sawada,502758
 Kenta Miyake,27507549
 Kim Hunter,1750000
 Kim Ki-duk,8945072
 Kim Moo-yul,35744343
 Kim Novak,7808900
 Kim Sae-ron,43059790
 Kim Sang-kyung,26000000
 Kim Seol,21107423
 Kim Su-an,175095036
 Kim Sung-kyun,0
 Kim Tae-ri,38600000
 Kimberly Elise,0
 Kimiko Glenn,4100000
 Kirk Baily,0
 Ko Zandvliet,0
 Kodi Smit-McPhee,7
 Koyu Rankin,64337744
 Krista Sheffler,0
 Krzysztof Globisz,0
 Kurt Russell,155760117
 Kyle MacLachlan,8636706
 Kyôko Kishida,0
 Lambert Wilson,8170333
 Laura Dern,920100000
 Laura Harring,20289986
 Laura Linney,366734895
 Laurence Fishburne,521021452
 Lazar Ristovski,0
 Leandra Leal,0
 Leandro Firmino,30641770
 Lee Remick,8000000
 Lee Seo-young,595112
 Lee Sun-kyun,257591776
 Lee Van Cleef,15000000
 Leonardo Sbaraglia,31478893
 Lew Ayres,3270000
 Leïla Bekhti,0
 Linda Hamilton,520000000
 Linus Roache,0
 Lisa Yang,0
 Liu Mingyue,48045728
 Liv Ullmann,0
 Logan Miller,66316289
 Lorene Scafaria,0
 Loreto Peralta,99067206
 Lori Richardson,0
 Lou Diamond Phillips,13994920
 Louis Hofmann,0
 Louis Jourdan,0
 Louis Ozawa,0
 Louis de Funès,0
 Lucy Boynton,13624522
 Lucy Liu,180906076
 Luigi Calagna,9500000
 Luigi Maria Burruano,1805884
 Luis Gerardo Méndez,26433651
 Luis Sepúlveda,0
 Lynn,33748006
 Ma Jingwu,16600000
 Machiko Kyō,117668
 Machiko Ono,19978961
 Mack Swain,4000000
 Mackenzie Foy,0
 Mady Correll,0
 Mahershala Ali,321752656
 Maite Perroni,4093345
 Mako Hyodo,0
 Maksim Munzuk,0
 Maly Delschaft,0
 Mami Koyama,37641
 Marc Maron,224738330
 Marceline Day,0
 Marcello Mastroianni,12800000
 Marcello Pagliero,1000000
 Marcia Gay Harden,57936663
 Maria Fernanda Cândido,0
 Maria Kowalska,0
 Mariana Treviño,108961677
 Mariana Xavier,59825115
 Mariangela Melato,0
 Marianne Koch,14500000
 Marina de Tavira,1140769
 Mario Casas,0
 Marion Mack,1000000
 Marisa Berenson,31500000
 Marisa Paredes,67956089
 Marius Goring,10000000
 Mark Ruffalo,412411312
 Marlee Matlin,1905058
 Marlene Dietrich,9000000
 Marlon Brando,158000000
 Martha Higareda,50000000
 Martin Freeman,0
 Mary Astor,1772000
 Mary McDonnell,424208848
 Maryna Koshkina,881
 Masatomo Nakazawa,930363
 Mathieu Kassovitz,173921954
 Matt Bomer,0
 Matt Damon,291465000
 Matthew Macfadyen,124604345
 Max Riemelt,599721
 Max Tortora,0
 May Hong,24619953
 Mayumi Tanaka,5228752
 Mckenna Grace,40300000
 Meek Mill,0
 Megumi Hayashibara,64902885
 Michael Biehn,78371200
 Michael Caine,379968673
 Michael Fassbender,187000000
 Michael Keaton,98690254
 Michele Reis,0
 Miguel Inclán,0
 Mike Meadows,261656269
 Mila Kunis,329398046
 Mildred Davis,1500000
 Milo Ventimiglia,33800000
 Minako Kotobuki,10841702
 Mindy Cohn,0
 Minoru Chiaki,57673
 Mira Sorvino,250600000
 Mitsuko Baisho,2970161
 Mitsuko Mito,0
 Miyu Irino,279270490
 Mizuki Yoshida,12648664
 Moira Kelly,763455561
 Molly Parker,3151849
 Momoko Kôchi,2250000
 Mone Kamishiraishi,358000000
 Monica Vitti,0
 Monoochehr Ahankhah,0
 Morena Baccarin,782837347
 Morgan Freeman,28341469
 Moustapha Fall,0
 Mélanie Laurent,321457747
 Mélissa Désormeaux-Poulin,6788659
 Nana Mori,186965409
 Napoleone the Dog,71461
 Nastassja Kinski,2181987
 Natalie Portman,45284974
 Nataly Valencia,1315376
 Natsuki Hanae,0
 Nicholas Galitzine,0
 Nico Parker,635213100
 Nicoletta Braschi,230098753
 Nikita Efremov,0
 Nina Grebeshkova,2258
 Nisa Sofiya Aksongur,28000000
 Nobuhiko Okamoto,30017163
 Nobuko Miyamoto,0
 Nobunaga Shimazaki,0
 Norma Crane,83304330
 Nozomu Sasaki,49000000
 Noé Hernández,0
 Octavia Spencer,235957472
 Ola Ray,0
 Olaf Lubaszenko,0
 Olga Baclanova,0
 Olga Mironova,20929648
 Olivia Colman,21029340
 Olivia Cooke,516520
 Omar Chaparro,0
 Omar Sy,426590315
 Ossie Davis,39300000
 Paolo Stoppa,7283223
 Park Shin-hye,80300000
 Patrick Dempsey,43095175
 Patrick Magee,27033812
 Patrick Schwarzenegger,27365467
 Patty Duke,2500000
 Paul Bettany,16690617
 Paul Dano,77208711
 Paulette Goddard,12800000
 Paulo Sousa,0
 Payman Maadi,24426169
 Pedro Pascal,331982078
 Peppino De Filippo,0
 Pernilla Allwin,6800000
 Pete Davidson,145550471
 Pete Postlethwaite,65796862
 Peter Boyle,86273333
 Peter Falk,12200000
 Peter Fitz,64974
 Peter Lanzani,58424000
 Philip Baker Hall,48451803
 Philip Seymour Hoffman,1740429
 Philippe Noiret,33000000
 Phyllis Smith,857611174
 Pierre Fresnay,172885
 Priscilla C. Shirer,113660538
 Priscilla Lane,0
 Pruitt Taylor Vince,21057208
 Pål Sverre Hagen,0
 R. Madhavan,70000000
 Rachel McAdams,202700449
 Ralph Meeker,1200000
 Ram Charan,160000000
 Ray Liotta,47072327
 Rayan Mahjoub,0
 Rebecca Ferguson,407573628
 Rebecca Marder,0
 Reda Kateb,0
 Reece Dinsdale,0
 Reese Witherspoon,408402685
 Regina Hall,34934009
 Rei Sakuma,4493017
 Renato Salvatori,0
 Renaud Marx,0
 Rentaro Mikuni,0
 Rica Matsumoto,683666
 Ricardo Abarca,0
 Richard Burton,33736689
 Richard Widmark,10000000
 Rie Miyazawa,7372769
 Rie Takahashi,5078942
 River Phoenix,52300000
 Riz Ahmed,94851670
 Robby Benson,424967620
 Robert De Niro,1276258629
 Robert Duvall,102600000
 Robert Gulaczyk,42187665
 Robert Redford,230216327
 Robert Sean Leonard,235860116
 Robert Shaw,470653000
 Robert Strauss,0
 Roberto Benigni,0
 Robin Atkin Downes,0
 Robin Hurlstone,46471023
 Robin Williams,782046694
 Robin Wright,708287716
 Rock Hudson,32855818
 Rod Steiger,27379978
 Roddy McDowall,32589624
 Rodrigo Pandolfo,39195565
 Rooney Mara,140312928
 Rosa Salazar,0
 Rosamund Pike,370890259
 Rupert Grint,5411061557
 Russell Crowe,126216940
 Ruta Gedmintas,35800000
 Rutger Hauer,41722424
 Ruth Roman,7000000
 Ryan O'Neal,30900000
 Ryan Potter,657870525
 Ryder Allen,0
 Ryo Narita,63501160
 Ryoko Hirosue,69932387
 Ryunosuke Kamiki,149660003
 Sabrina Carpenter,0
 Sacha Baron Cohen,107423
 Sadie Sink,55101305
 Sady Rebbot,24517
 Sakura Ando,0
 Salma Hayek Pinault,484700000
 Sam Claflin,212384506
 Sam Worthington,175302354
 Samuel L. Jackson,928695334
 Saori Hayami,30819442
 Sara Cushman,0
 Sarah Polley,2331721
 Scarlett Johansson,47684937
 Scott Eastwood,63013281
 Scott Menville,0
 Sean Connery,550442260
 Sean Penn,63848322
 Sebastian Koch,4831836
 Selton Mello,4903192
 Sergi López,83258226
 Setsuko Hara,0
 Shah Rukh Khan,100000000
 Shane West,47494916
 Sharon Stone,116112375
 Shelley Duvall,44781695
 Shelley Winters,0
 Sherri Shepherd,0
 Shido Nakamura,0
 Shim Eun-kyung,0
 Shima Iwashita,0
 Shin Yong-woo,10054356
 Shirley MacLaine,25000000
 Sigourney Weaver,104931801
 Simon Pegg,0
 Simon Yam,22100000
 Simone Signoret,0
 Sissy Spacek,6418028
 Sixtine Murat,5873256
 Soledad Villamil,33965843
 Solveig Dommartin,3210139
 Soma Bhatia,312381
 Son Ye-jin,0
 Sophie Okonedo,38000000
 Sora Amamiya,1094673
 Spragga Benz,0
 Srđan 'Žika' Todorović,0
 Stefania Sandrelli,233493
 Stephanie Hsu,139200000
 Stephen Boyd,164000000
 Steven Bauer,66023329
 Susan Fleetwood,1095380
 Suzanne Clément,3494070
 Sybil Seely,0
 Tabu,40000000
 Takashi Shimura,105000000
 Takeo Chii,24366656
 Takeshi Kaneshiro,0
 Takuya Ishida,3478290
 Takuya Kimura,236049757
 Talia Shire,225253184
 Tatsuya Nakadai,0
 Teo Yoo,28126646
 Teresa Gimpera,0
 Teri Hatcher,185860104
 Terrence Howard,585174222
 Thea White,0
 Thierry Lhermitte,78599508
 Thomas Bangalter,6664789
 Thomas Bo Larsen,40000000
 Thomas Kretschmann,202026925
 Thomas Mitchell,8000000
 Thomasin McKenzie,82468705
 Thomás Aquino,3554178
 Thuso Mbedu,97300000
 Tilda Cobham-Hervey,581725
 Tim Allen,1461752687
 Tim McGraw,309231694
 Tim Minchin,0
 Tim Robbins,156800000
 Tim Roth,2859750
 Timothée Chalamet,43143046
 Tina Fey,121977511
 Tito Trifol,4656348
 Toa Yukinari,399445
 Tohru Emori,946590
 Tokiko Kato,44600000
 Tokio Emoto,24094016
 Tom Cruise,354825435
 Tom Hanks,352114312
 Tom Hardy,23300000
 Tom Hollander,0
 Tom Hulce,90007557
 Tom Lewis,9464198
 Tom Sizemore,481840909
 Tommy Lee Jones,171627166
 Toni Acosta,15894372
 Toni Collette,100523181
 Tony Leung Chiu-wai,24704926
 Tony Todd,0
 Toshio Furukawa,86600000
 Trevor Howard,0
 Trevor Wright,142666
 Tsutomu Yamazaki,4000000
 Uhm Ji-won,0
 Ulrich Mühe,77672685
 Unsho Ishizuka,0
 Usha Seamkhum,73800000
 Val Kilmer,1488732821
 Valentin Zubkov,0
 Valentina Cortese,850000
 Valerio Mastandrea,50121593
 Vera Farmiga,20416563
 Vincent Vargas,0
 Vinícius de Oliveira,5596708
 Viola Davis,216600000
 Virginia Cherrill,4250000
 Virginia Mayo,3483000
 Vittorio Gassman,0
 Walter Huston,4307000
 Walter Matthau,0
 Walton Goggins,18300000
 Wayne Allwine,21000000
 Whoopi Goldberg,146300000
 Will Patton,136700000
 Willem Dafoe,173134565
 William H. Macy,60611975
 William Holden,23700000
 William Salyers,0
 Winona Mae,0
 Winona Ryder,86024005
 Won Bin,17112713
 Woody Harrelson,162729321
 Xuna Primus,837000
 Yang Kuei-mei,24194403
 Yang Tianxiang,62098770
 Yella Rottländer,0
 Yoo Ji-tae,17500000
 Yoon Kye-sang,52946454
 Yordanos Shifera,64978931
 Yoshiaki Hanayagi,0
 Yoshiaki Umegaki,607735
 Yoshiko Kuga,0
 Yoshimasa Hosoya,19496308
 Yui Natsukawa,3511120
 Yukito Nishii,55262158
 Yuko Miyamura,93882453
 Yul Brynner,122700000
 Yuriko Ishida,176506186
 Yuriy Yakovlev,0
 Yuzuki Akiyama,27590180
 Yūzō Kayama,0
 Zac Efron,459066134
 Zachary Levi,592461732
 Zendaya,2636691469
 Zhang Fengyi,6400000
 Zhang Fuzheng,87212911
 Zhang He,70000000
 Zoe Saldaña,4812307565
 Zoë Kravitz,772319315
Aamir Khan,499920000
Abbi Jacobson,0
Abigail Cowen,9464198
Adam Driver,333686
Adam Sandler,0
Adrian Alonso,23311391
Adrien Brody,121780466
Ahn So-yi,10054356
Aki Asakura,24366656
Akira Takarada,2250000
Akira Terao,2970161
Al Pacino,610637507
Alain Delon,215245
Alan Young,21000000
Albert Brooks,940335536
Alberto Sordi,7283223
Aldo Baglio,0
Aldo Fabrizi,1000000
Aleksandr Demyanenko,0
Aleksei Kravchenko,20929648
Alessandro Borghi,0
Alex Roe,16367326
Alexandre Rodrigues,30641770
Alisa Freyndlikh,0
Amandla Stenberg,35062278
Amber Midthunder,0
Amir Farrokh Hashemian,925402
Amitabh Bachchan,0
Amy Adams,203388186
Amy Poehler,857611174
Anatoliy Solonitsyn,24173
Andrew Garfield,175302354
Andy Lau,8836958
Anna Karina,24517
Anna Magnani,0
Anne Bancroft,2500000
Anne Dorval,3494070
Anne-Marie Loop,8170333
Anouck Hautbois,40208268
Anthony Gonzalez,814641172
Anthony Hopkins,116766692
Anthony Mackie,0
Anthony Perkins,50048065
Anton Walbrook,10000000
Antonio Banderas,484700000
Aras Bulut Iynemli,28000000
Archie Madekwe,121700000
Arden Cho,24619953
Arletty,1457
Armie Hammer,43143046
Arnold Schwarzenegger,598371200
Art Parkinson,76249438
Asa Butterfield,20416563
Aspen Kennedy Wilson,40392664
Atsuko Tanaka,10000000
Audrey Hepburn,21500000
Audrey Tautou,173921954
Aya Okamoto,607735
Ayushmann Khurrana,40000000
Babek Ahmed Poor,0
Bajram Severdžan,0
Bartosz Bielenia,9943901
Bella Thorne,27365467
Ben Affleck,370890259
Ben Burtt,521311860
Benedict Cumberbatch,233555708
Bertil Guve,6800000
Bertram Bisgaard Enevoldsen,0
Bette Davis,8400000
Bibi Andersson,0
Bill Murray,71108778
Birane Ba,0
Björk,40061153
Bo Burnham,0
Bob Geldof,22244207
Bob Odenkirk,57512470
Bob Peterson,0
Bourvil,0
Brad Pitt,947679981
Brad Rowe,142666
Brahim Hadjadj,964028
Brendan Fraser,55101305
Brie Larson,37046922
Brigitte Fossey,10188
Brigitte Lin,0
Brigitte Mira,186757
Britt Robertson,63013281
Bruce Greenwood,6629178
Bruce Willis,813567956
Bruno Bichir,11237983
Bruno Ganz,95391713
Bryan Cranston,64337744
Burt Lancaster,0
Buster Keaton,1000000
Bárbara Colen,3554178
Caleb Landry Jones,4082217
Carlo Battisti,71461
Carlo Verdone,0
Carlos Padilla,837000
Carol Duarte,0
Carole Lombard,1500000
Cary Elwes,30900000
Cary Grant,51250000
Catherine Deneuve,0
Cecilia Roth,67956089
Celia Johnson,0
Chaim Topol,83304330
Chang Chen,0
Charlie Chaplin,27500000
Charlie Plummer,3151849
Charlie Sheen,138530565
Charlton Heston,321537124
Chiara Mastroianni,0
Chieko Baisho,236049757
Chishū Ryū,0
Chiwetel Ejiofor,187000000
Chloë Grace Moretz,0
Choi Min-sik,17500000
Chris Diamantopoulos,0
Chris Evans,755066572
Chris Hemsworth,219608392
Chris Pratt,2482082651
Chrissy Metz,49200000
Christian Bale,2459818404
Christopher Sean,0
Chutimon Chuengcharoensukying,42350000
Cillian Murphy,952000000
Claire Danes,0
Claire Trevor,1103757
Clark Gable,4500000
Claudia Cardinale,5380118
Clint Eastwood,714321093
Clive Owen,70595464
Colin Firth,414211549
Corinne Marchand,0
Courtney B. Vance,2000000
Craig T. Nelson,631442092
Cuba Gooding Jr.,57504069
Cyril Mourali,0
Daiki Yamashita,57524712
Daisy Ridley,581725
Dakota Fanning,185860104
Damian Chapa,4500000
Damián Alcázar,6703873
Dan Aykroyd,115229890
Dana Andrews,25650000
Daniel Craig,312897920
Daniel Day-Lewis,143005573
Daniel Kaluuya,255407969
Daniel Radcliffe,7706878644
Danilo Mesquita,0
Danny Aiello,37300000
Danny Elfman,75634409
Danny Glover,146300000
Darsheel Safary,28430000
Dave Johns,15793051
David Hemmings,2900000
David Lee Smith,0
David Niven,1750000
David Rawle,857522
Davor Dujmović,0
Dennis Price,0
Denzel Washington,136700000
Dev Patel,518712928
Diego Abatantuono,4532791
Domhnall Gleeson,87100449
Don Cheadle,38000000
Don Hertzfeldt,0
Don Lee,78721825
Donnie Yen,22100000
Dorian Le Clech,10898998
Doug Sweetland,0
Douglas Booth,42187665
Dove Cameron,0
Dustin Hoffman,530370740
Ed Asner,735103954
Eddie Murphy,0
Eddie Redmayne,123834111
Eden Dambrine,3129968
Edmund Moeschke,0
Edward James Olmos,13994920
Edward Norton,124753753
Eiji Okada,0
Elijah Wood,2916544743
Elizabeth Taylor,66592507
Elle Fanning,0
Ellen Burstyn,7390108
Elsa Zylberstein,0
Emil Jannings,0
Emile Hirsch,56255142
Emilia Clarke,207945075
Emilia Jones,1905058
Emilio Echevarría,20908467
Emilio Estevez,51530442
Emma Stone,567710351
Emmanuelle Riva,3193
Engin Altan Düzyatan,0
Enzo Vogrincic,1281
Eric Edelstein,0
Erland Josephson,1095380
Estela Inda,0
Ethan Hawke,21980001
Eugenio Derbez,120828370
Eva Noblezada,0
Ewan McGregor,195181823
F. Murray Abraham,90007557
Farley Granger,7000000
Faye Dunaway,23700000
Felix Kammerer,0
Ferdia Walsh-Peelo,13624522
Fernanda Montenegro,5596708
Fernanda Torres,36109482
Fernando Fernán Gómez,0
Fin Argus,0
Frances McDormand,223341296
Franco Citti,0
Franco Interlenghi,0
Frank Welker,0
François Cluzet,426590315
François Leterrier,0
Fred MacMurray,2500000
Frédéric Pierrot,20374201
Gakuto Kajiwara,0
Gary Cooper,8000000
Gaspard Schlatter,5873256
Ge You,0
Gena Rowlands,12200000
Gene Hackman,34604000
Gene Kelly,7200000
Gene Wilder,86273333
Geoffrey Rush,19255873
George Clooney,46471023
George MacKay,462764352
George O'Brien,3272000
Georges Méliès,0
Ghilherme Lobo,1207841
Gian Maria Volonté,0
Gijs Blom,0
Gina McKee,0
Ginnifer Goodwin,1025521689
Giulietta Masina,752045
Giuseppe Battiston,32207491
Glenn Ford,0
Gong Li,16600000
Gong Yoo,206595036
Gonzalo Vega,26433651
Graham Chapman,26596896
Grażyna Szapołowska,0
Greg Cipes,0
Greg Kinnear,100523181
Greta Lee,28126646
Guillaume Darnault,19030780
Guillermo Francella,7627100
Gunnar Björnstrand,311212
Gustav Fröhlich,1350322
Guy Pearce,40047236
Gérard Hernandez,0
Gérard Jugnot,83600000
Gösta Ekman,0
Güneş Nezihe Şensoy,5300000
Ha Jung-woo,238774182
Haley Lu Richardson,92600000
Hanno Koffler,599721
Harold Lloyd,1500000
Harriet Andersson,8939
Harrison Ford,905820201
Harry Dean Stanton,2181987
Harry Earles,0
Haru Kuroki,55262158
Harvey Keitel,2859750
Heath Ledger,178043761
Helena Zengel,0
Henrik Malberg,0
Henry Fonda,1591000
Henry Zaga,0
Hideaki Anno,117932401
Hilary Swank,63666709
Hiroaki Iwanaga,399445
Hiroshi Abe,3511120
Hiroyuki Sanada,7372769
Homayoun Ershadi,0
Honor Kneafsey,1310720
Hossain Sabzian,0
Hugh Jackman,1309890568
Humphrey Bogart,16541500
Ingrid Bergman,0
Ingrid Thulin,0
Irène Jacob,4127033
Isabella Rossellini,8636706
Isla Fisher,0
Ivan Labanda,4656348
Ivana Baquero,83258226
Izumi Sawada,0
J.G. Quintel,0
Jack Dylan Grazer,0
Jack Lemmon,25000000
Jack Nicholson,183762970
Jacob Tremblay,366100703
Jacqueline Bisset,850000
Jacques Tati,0
Jacques Villeret,78599508
Jaden Smith,0
Jahi Di'Allo Winston,0
Jake Gyllenhaal,158998906
James Cagney,3483000
James McAvoy,131016624
James Stewart,74295360
Jamie Foxx,547345749
Jang Dong-gun,16653488
Jang Hyuk,595112
Jared Gilman,68263166
Jared Leto,2331721
Jasna Đuričić,813253
Jason Schwartzman,0
Jason Statham,83557872
Javier Bardem,171627166
Jay Baruchel,1656667248
Jean Gabin,172885
Jean Martin,0
Jean Négroni,0
Jean Reno,45284974
Jean Servais,460000
Jean-Louis Trintignant,30033493
Jean-Pierre Léaud,0
Jeff Bridges,47010480
Jennifer Aniston,23300000
Jennifer Lopez,60000000
Jenny Slate,6909209
Jesse García,0
Jessica Rothe,2000000
Ji Chang-wook,0
Jiang Wen,104731450
Jim Carrey,828539442
Jim Caviezel,325995048
Jimmy Wong,25860000
Joan Crawford,5638000
Joan Fontaine,0
Joaquin Phoenix,1126309880
Jodie Foster,272742922
Joel Edgerton,23300000
Joey King,0
John Goodman,579700000
John Kahrs,0
John Travolta,213928762
John Wayne,13750000
Johnny Depp,751035229
Johnny Simmons,0
Jonathan Pryce,9900000
Jordan Rodrigues,0
Joseph Cotten,1226098
Joseph Gordon-Levitt,2148548
Joseph Mazzello,2568235
Josephine Bornebusch,0
Josh Gad,205000000
Josh O'Connor,2559939
Juan Daniel Garcia Treviño,0
Jude Coward Nicoll,0
Judith O'Dea,30236452
Julia Pott,0
Julie Andrews,286214286
Juliette Binoche,1527572
Jun Fukushima,5078942
Jung Jae-young,0
Jung Woo-sung,0
Junko Iwao,683666
Justin Chambers,0
Justin Timberlake,0
János Derzsi,162088
Jürgen Prochnow,85000000
Kaho Nakamura,63501160
Kaito Ishikawa,0
Kajol,100000000
Kang Ha-neul,9968972
Kanu Bannerjee,536364
Karen Abercrombie,73267874
Karen Meagher,0
Karla Souza,0
Kate Winslet,0
Kathy Bates,180718501
Katie Douglas,0
Keanu Reeves,903674628
Keiichi Noda,0
Keiji Sada,0
Keiko Yokozawa,5228752
Keir Dullea,71923560
Keira Knightley,124604345
Kelly Marie Tran,130423032
Ken Ogata,502758
Kenji Nojima,1397526
Kevin Costner,534279302
Kevin Spacey,482513541
Kheiron,0
Kid Cudi,0
Kim Da-mi,24340302
Kim Go-eun,8631781
Kim Hye-ja,17112713
Kim Min-hee,38600000
Kim Woo-bin,0
Kim Yoo-jung,0
Kim Yun-seok,0
Kinuyo Tanaka,0
Kirk Cameron,33473297
Kirk Douglas,2500000
Klaus Kinski,0
Koichi Yamadera,0
Koji Yakusho,73808394
Kotaro Daigo,186965409
Kurt Russell,19629760
Ky-Mani Marley,0
LaKeith Stanfield,201634991
Lamberto Maggiorani,450159
Lars Rudolph,64974
Laurence Olivier,13342465
Lee Byung-hun,12966357
Lee Pace,3984390
Lee Seung-yun,3403957
Leila Hatami,24426169
Lembit Ulfsak,0
Leon Lai,0
Leonardo DiCaprio,4448614922
Leslie Cheung,6400000
Leszek Lichota,0
Liam Neeson,321365567
Liesel Matthews,10000000
Lily Collins,4439431
Lily Franky,0
Lindsay LaVanchy,0
Lino Ventura,0
Liv Ullmann,0
Logan Lerman,33384127
Louis Wolheim,3270000
Lu Yanting,2892718496
Lubna Azabal,6788659
Luca Marinelli,9494985
Luigi Lo Cascio,4498937
Luis Alberti,0
Luis Fernando Peña,0
Luke Treadaway,35800000
Luna Wedler,0
Lung Sihung,24194403
Lupita Nyong'o,331982078
Machiko Kyō,0
Madeline Carroll,4324817
Mads Mikkelsen,42246680
Maggie Cheung,15867968
Mahiro Takasugi,33748006
Malcolm McDowell,27033812
Maleaume Paquin,7434840
Mamoru Miyano,0
Manaka Iwami,4345395
Mandy Moore,639956648
Marcello Mastroianni,19647000
Marg Helgenberger,78871079
Margaret Sullavan,0
Margarita Terekhova,124367
Maria Falconetti,18121
Mario Casas,30000000
Mark Hamill,1886498007
Mark Ruffalo,98690254
Mark Wahlberg,43101594
Marlon Brando,254667042
Martha Higareda,0
Martin Balsam,4360000
Martin Sheen,150000000
Martina Gedeck,77672685
Mary Badham,13129846
María Valverde,0
Masaharu Fukuyama,19978961
Masahiro Motoki,69932387
Masako Nozawa,211602821
Masami Nagasawa,0
Mason Thames,635213100
Massimo Troisi,33000000
Matheus Nachtergaele,4903192
Matt Damon,1205030666
Matt Ryan,0
Matt Smith,10000000
Matthew Broderick,763455561
Matthew Lillard,0
Matthew McConaughey,1325917774
Matthew Modine,46357676
Max Schreck,24194
Max von Sydow,700000
Maxwell Simba,0
Megumi Hayashibara,946590
Megumi Ogata,354656223
Mel Gibson,213216216
Melanie Zanetti,0
Melvil Poupaud,0
Meryl Streep,182000000
Mia Farrow,33395426
Michael B. Jordan,50401502
Michael Beck,22490039
Michael J. Fox,713109762
Michael Jackson,0
Michael Peña,0
Michel Constantin,33187
Michelle Yeoh,139200000
Michiyo Aratama,0
Mike Myers,488628188
Miles Teller,50307484
Minami Takayama,4493017
Ming-Na Wen,304320254
Mirai Shida,149660003
Mirosław Baka,0
Mitsuo Iwata,49000000
Miyoko Shoji,37641
Miyu Irino,30819442
Morgan Freeman,327311859
N.T. Rama Rao Jr.,160000000
Nahuel Pérez Biscayart,22732420
Nanoka Hara,323638107
Naomi Watts,20289986
Natalie Portman,464084503
Natalya Bondarchuk,0
Natsuki Hanae,523542183
Nick Ainsworth,0
Nick Robinson,66316289
Nicole Kidman,226693523
Nicole Wallace,0
Nikolay Burlyaev,0
Nilbio Torres,1320005
Nino Manfredi,0
Nobuko Otowa,0
Non,19496308
Nora Velázquez,0
Noriko Hidaka,41000000
Noémie Merlant,9923127
Oh Young-soo,8945072
Oleg Yankovskiy,311708
Omar Chaparro,50000000
Omar Sy,1447740
Orson Welles,23218000
Oscar Isaac,480678
Oulaya Amamra,0
Paige O'Hara,424967620
Paola Cortellesi,50121593
Paolo Villaggio,0
Pascal Lamorisse,48980
Patrick Seitz,0
Patton Oswalt,623726000
Paul Giamatti,42513270
Paul Mescal,7834405
Paul Newman,201004424
Paulina Goto,0
Paulo Gustavo,99020680
Pavlo Aldoshyn,881
Peter Hastings,145550471
Peter Lorre,35274
Peter O'Toole,70000000
Peter Robbins,0
Peter Sallis,0
Peter Sellers,9500000
Peter Weller,0
Philippe Noiret,12462062
Pierfrancesco Favino,0
Pierre Niney,75360860
Predrag 'Miki' Manojlović,0
Pupella Maggio,0
Putthipong Assaratanakul,73800000
Ralph Fiennes,174600318
Rami Malek,910813521
Ray Milland,14000000
Raúl Santana,1315376
Regina Casé,0
Ricardo Darín,136282624
Richard Farnsworth,6418028
Richard Gere,149416183
Riisa Naka,3478290
Riz Ahmed,516520
Robbie Williams,22549151
Robert De Niro,341564914
Robert Downey Jr.,6955843876
Robert Mitchum,0
Robert Pattinson,772319315
Roberto Benigni,230098753
Robin Williams,235860116
Rod Steiger,0
Roland Møller,0
Roman Griffin Davis,82468705
Romanthony,6664789
Roy Scheider,470653000
Rumi Hiiragi,274925095
Russell Crowe,782307505
Ryan Corr,0
Ryan Gosling,624783536
Ryan O'Neal,31500000
Ryan Reynolds,782837347
Ryu Seung-ryong,80300000
Ryunosuke Kamiki,358000000
Rüdiger Vogler,0
Saara Chaudry,312381
Sally Hawkins,6170998
Salman Khan,150000000
Sam Neill,944000000
Sam Rockwell,224738330
Sam Worthington,2330224914
Samuel L. Jackson,155760117
Sandra Bullock,309231694
Santiago Segura,15894372
Saoirse Ronan,216600000
Sara Takatsuki,34949567
Sarah Snook,7
Scarlett Diamond,0
Scott Adsit,657870525
Scott Innes,0
Scott Weinger,504050219
Sean Penn,156800000
Selena Gomez,0
Selton Mello,0
Seydou Sarr,0
Shah Rukh Khan,42345360
Shameik Moore,1084500345
Shan Xin,48045728
Shirley MacLaine,3000000
Shugo Nakamura,258000000
Shūichirō Moriyama,44600000
Sidney Poitier,27379978
Sigourney Weaver,183316455
Silvia Pinal,679244
Sofia Carson,0
Sofia Scalia,9500000
Song Kang-ho,365519756
Sophia Loren,12800000
Soya Kurokawa,0
Spencer Tracy,12000000
Stephen Apostolina,0
Stephen Baldwin,23300000
Sterling Hayden,0
Steve McQueen,64967000
Sul Kyung-gu,0
Sumi Shimamoto,9016411
Sylvester Stallone,225253184
Taishi Nakagawa,0
Takahiro Nishijima,0
Takashi Shimura,55240
Takayuki Hamatsu,27590180
Takeru Satoh,33457923
Takeshi Kitano,0
Takuya Eguchi,930363
Tang Xiaoxi,87212911
Taraji P. Henson,235957472
Taron Egerton,414351546
Tatsuya Nakadai,27334156
Tatum O'Neal,30900000
Tatyana Samoylova,0
Taylor Swift,261656269
Taylor Zakhar Perez,0
Thiago Cazado,0
Til Schweiger,0
Tim Robbins,28341469
Tim Roth,21057208
Timothée Chalamet,1122417986
Tom Cruise,2278267136
Tom Hanks,3653054945
Tom Hardy,378858340
Tom Holland,2063735387
Tom Schilling,4831836
Tom Skerritt,104931801
Toni Collette,1740429
Tony Curtis,25000000
Tony Fucile,0
Toshirō Mifune,105188763
Totò,0
Tsutomu Tatsumi,842132
Tsutomu Yamazaki,0
Tyrone Power,9000000
Ugo Tognazzi,0
Ulrich Thomsen,0
Uma Thurman,333065537
Vanessa Hudgens,4100000
Veerle Baetens,5500000
Victor Sjöström,0
Viggo Mortensen,344876248
Vincent Cassel,15300000
Vincent Price,0
Vinnie Jones,28356188
Viola Davis,97300000
Vittorio Gassman,1314230
Vivien Leigh,410352579
Vladimir Brichta,0
Véra Clouzot,0
Wagner Moura,77786829
Wayne Dyer,0
Werner Krauss,8811
Wil Wheaton,52300000
Will Smith,346477295
Willem Dafoe,0
William Holden,49908000
Won Bin,43059790
Woody Allen,84183512
Wu Nien-jen,0
Yalitza Aparicio,1140769
Yang Tianxiang,70000000
Yoji Matsuda,176506186
Yoko Hikasa,6356284
Yoko Honna,0
Yoko Soumi,151086
Yoshitsugu Matsuoka,60648392
Yui Ishikawa,31181326
Yuki Kaji,1094673
Yuria Kozuki,202404009
Yuriy Nikulin,2258
Yuriy Solomin,0
Yuumi Kawai,12648664
Yuya Yagira,0
Yves Montand,83305
Zach Callison,0
Zach Galifianakis,60692022
Zain Al Rafeea,64978931
Zhang Zhe,62098770
Zhang Ziyi,162242962
Zhou Dongyu,225879065
Çağatay Ulusoy,0
Éric Herson-Macarel,1756552
İsmail Hacıoğlu,21107423
