production_companies,budget
" ""Weathering With You"" Film Partners",0.0
 100 Bares,2000000.0
 120 Films,0.0
 13 Prods,0.0
 1492 Pictures,118333333.33333333
 2.0 Entertainment,60000000.0
 2.4.7. Films,7300000.0
 20th Century Fox,47321428.571428575
 20th Century Fox Brazil,0.0
 20th Century Fox Television,0.0
 21 Laps Entertainment,47000000.0
 2929 Productions,25000000.0
 2AM,12000000.0
 2DUX²,50000000.0
 3 Arts Entertainment,118666666.66666667
 3 Dogs & a Pony,25000000.0
 40 Acres and a Mule Filmworks,6500000.0
 5000 Broadway Productions,0.0
 5678 Productions,15000000.0
 81 Produce,0.0
 87Eleven,100000000.0
 8:38 Productions,46000000.0
 A Band Apart,32166666.666666668
 A Luta Continua,22500000.0
 A&M Films,1000000.0
 A.Gi.Di.,0.0
 A.M.A. Film,0.0
 ABC Animation,0.0
 AGBO,25000000.0
 AI Film,20000000.0
 AMUSE,0.0
 AOI Pro.,0.0
 ARD,0.0
 ARD Degeto,8300000.0
 ARTE,3625000.0
 ARTE France Cinéma,5191666.666666667
 ASCII Media Works,0.0
 ASR Productions,30000000.0
 AT-X,0.0
 AZ Films,0.0
 Absolute Entertainment,30000000.0
 Access Entertainment,70000000.0
 Act III Productions,11666666.666666666
 Ad Vitam Production,0.0
 Advantage Entertainment,30000000.0
 Aegis Film Fund,15000000.0
 Affirm Films,1750000.0
 Akira Kurosawa USA,12000000.0
 Alberta Film Entertainment,14000000.0
 Alcon Entertainment,5000000.0
 Alebrije Producciones,0.0
 Alfran Productions,6000000.0
 Alfred J. Hitchcock Productions,2479000.0
 Alibaba Pictures Group,4000000.0
 Alkay Animation Prague,0.0
 All About Media,0.0
 Allied Filmmakers,22000000.0
 Alpha Pictures,18300000.0
 Altavista Films,0.0
 Amazon MGM Studios,0.0
 Amazon Studios,0.0
 Amblin Entertainment,50166666.666666664
 Amblin Partners,2500000.0
 American Empirical Pictures,37192549.5
 American Zoetrope,5000000.0
 Amuse Soft Entertainment,0.0
 Amusement Park Films,5070773.0
 Anarchos Productions,54000000.0
 Ang Lee Productions,0.0
 Animal Kingdom,1000000.0
 Animate Film,0.0
 Aniplex,1962500.0
 Anonymous Content,20000000.0
 Antenne 2,0.0
 Antidote Films,3000000.0
 Appian Way,60000000.0
 Apple Studios,106666666.66666667
 Aquarius Films,12000000.0
 Arad Productions,95000000.0
 Arco Film,0.0
 Argent Pictures,40000000.0
 Argos films,2125000.0
 Argyle Enterprises,8200000.0
 Armada Productions,1200000.0
 Arnold Kopelson Productions,19500000.0
 Art Service,18300000.0
 Artemis Film,9000000.0
 Artisan Entertainment,17500000.0
 Artistic Films,50000000.0
 Arturo González PC,900000.0
 Artémis Productions,0.0
 Asahi Broadcasting Corporation,3000000.0
 Asymmetrical Productions,15000000.0
 Atlas Entertainment,85000000.0
 Atom Films,0.0
 Atresmedia,4000000.0
 Auvergne-Rhône-Alpes Cinéma,5950000.0
 Avery Pix,29000000.0
 Avnet/Kerner Productions,11000000.0
 Azure Centrum,110000000.0
 B&C CONTENT,6500000.0
 BA Entertainment,6200000.0
 BBC,210000.0
 BBC Bristol Productions,832000.0
 BBC Children's Productions,832000.0
 BBC Film,0.0
 BBC Lionheart Television,832000.0
 BFI,0.0
 BMG Funhouse,0.0
 BONES,0.0
 BR,3633333.3333333335
 BS11,0.0
 BUN-BUKU,0.0
 Babbo,15000000.0
 Bad Robot,0.0
 Baltimore Pictures,17000000.0
 Bam Film,1300000.0
 Bandai,2233333.3333333335
 Bandai Namco Arts,0.0
 Bandai Namco Entertainment,200000.0
 Bandai Spirits,0.0
 Bandai Visual,0.0
 Bandeira Entertainment,4500000.0
 Bandidos Films,0.0
 Banzakbanzak Film Production,0.0
 Baram Pictures,0.0
 Barrandov Studio,14000000.0
 Barry Mendel Productions,40000000.0
 Base Media,0.0
 Basic Pictures,6400000.0
 Bavaria Film,14000000.0
 Bay Films,75000000.0
 Be Gentlemen Limited Partnership,10000000.0
 BeTV,3000000.0
 Bedlam Productions,15000000.0
 Beijing Bu Yi Le Hu Film Company,0.0
 Beijing Coloroom Technology,80000000.0
 Beijing Enlight Media,80000000.0
 Beijing Enlight Pictures,80000000.0
 Beijing Guangying Gongchang Wenhua Chuanbo,0.0
 Beijing Jinyi Jiayi Film Distribution,11936735.0
 Beijing Jiyin Yinghua,0.0
 Beijing ShengShi HuaRei Film Investment & Management Co.,11700000.0
 Belga Productions,0.0
 Belgacom,0.0
 Berlanti Productions,0.0
 Best International Films,0.0
 Beta Film,0.0
 Bibury Animation Studios,0.0
 Bill Melendez Productions,96000.0
 Bill/Phillips,1900000.0
 Black Bear Pictures,14000000.0
 Blind Spot Pictures,12500000.0
 Bliss Media,40000000.0
 Blue Dahlia Productions,3000000.0
 Blue Parrot Productions,6000000.0
 Blue Ribbon Content,0.0
 Blue Spirit,8000000.0
 Bluegrass 7,120000000.0
 Blumhouse Productions,1950000.0
 Blur Studio,122000000.0
 Bold Films,8500000.0
 Bona Fide Productions,8000000.0
 BookWalker,0.0
 Brandywine Productions,18500000.0
 Breakheart Films,100000000.0
 Bregman/Baer Productions,30000000.0
 Brentwood Productions,2000000.0
 Brighter Summer Productions,0.0
 Brilliant Casting,3000000.0
 British Film Commission,0.0
 British Film Company,0.0
 Bron Studios,55000000.0
 Buffalo Films,1400000.0
 Bushiroad,0.0
 Business Location Sudtirol Alto Adige,13500000.0
 Buster Keaton Productions,750000.0
 Buttercup Films Ltd.,16000000.0
 C. C. Champion,0.0
 CAB Productions,0.0
 CBS,96000.0
 CBS Films,7000000.0
 CE,5000000.0
 CED Productions,0.0
 CGV Arthouse,0.0
 CJ ENM,12000000.0
 CJ ENM Studios,119.0
 CJ ENM Turkey,0.0
 CJ Entertainment,2838333.3333333335
 CJ Investment,6000000.0
 CNC,7300000.0
 Canafox Films,0.0
 Canal Brasil,476666.6666666667
 Canal+,9400000.0
 Canal+ Polska,1300000.0
 Cangrejo Films,0.0
 Canyon Creek Films,0.0
 Cappa/De Fina Productions,50000000.0
 Caracol Televisión,1400000.0
 Carmel Entertainment,500000.0
 Cartier Productions,9000000.0
 Cartoon Saloon,0.0
 Casbah Film,800000.0
 Castle Rock Entertainment,8350000.0
 Caviar,0.0
 Cecchi Gori Group Tiger Cinematografica,3000000.0
 Celluloid Dreams,7300000.0
 Central Motion Picture Corporation,0.0
 Centrum Technologii Audiowizualnych,5500000.0
 Century Communications,1000000.0
 Channel Four Films,2875000.0
 Channel Productions,1000000.0
 Chaocorp,6500000.0
 Chartoff-Winkler Productions,18000000.0
 Chengdu Coco Cartoon,22000000.0
 Chengdu Zizai Jingjie Culture Media,80000000.0
 Chernin Entertainment,61300000.0
 China Film Co-Production Corp.,4175000.0
 China Wit Media,0.0
 Chiodo Bros. Productions,6000000.0
 Christal Films,47000000.0
 Chukyo TV Broadcasting Company,0.0
 CiBy 2000,0.0
 Cine Argentino,0.0
 Cineclick Asia,1000000.0
 CinemaScópio,1430000.0
 Cinematograph,12500000.0
 Cinequanon,0.0
 Cinesoul,0.0
 Cinetic Media,23000000.0
 Ciné+,7666666.666666667
 Ciné-@,6000000.0
 Ciné-Tamaris,0.0
 Cinémage 14 Développment,9850000.0
 Circle of Confusion,28000000.0
 City Light Films,31000000.0
 Cité Films,0.0
 Ciudad Lunar,1400000.0
 Clearblack Films,0.0
 Clinica Estetico,26000000.0
 Cloudy Productions,40500000.0
 Coach Films,22000000.0
 Colorado Film,75000.0
 Colosé Producciones,4000000.0
 Columbia Pictures,67962500.0
 Como Films,0.0
 Conspiração Filmes,1480000.0
 Constantin Film,4600000.0
 Contents Panda,8500000.0
 Coop99 Filmproduktion,4750000.0
 Corona Filmproduktion,0.0
 Corona-General,12000000.0
 Cosmo Films,4000000.0
 Cosmopolitan TV,4000000.0
 Cosmos Filmed Entertainment,40000000.0
 Costa Films,4000000.0
 Count of Monte Cristo Ltd.,35000000.0
 Creative England,0.0
 Creative Unit of Writers & Cinema Workers,0.0
 Crooked Highway,70000000.0
 Cross City Films,0.0
 Cross Creek Pictures,26500000.0
 Crucial Films,28000000.0
 Cube Vision,28000000.0
 Curious Films,2500000.0
 Cutting Edge Group,15000000.0
 Cygames,0.0
 D.N. Dream Partners,0.0
 DC,111666666.66666667
 DC Entertainment,42833333.333333336
 DC Films,103333333.33333333
 DC Vertigo,54000000.0
 DDL Cinematografica,0.0
 DEFA,0.0
 DNA Films,4000000.0
 DNEG,0.0
 DR,11250000.0
 Dadi Film,11936735.0
 Dadi Film Group,0.0
 Daft Life,4000000.0
 Dago García Producciones,1400000.0
 Daiei Film,0.0
 DandeLion Animation Studio,0.0
 Darkwoods Productions,60000000.0
 David Brown Productions,5500000.0
 Davis Entertainment,32500000.0
 Dawn Apollo Films,250000000.0
 Dayday Films,7000000.0
 DeSanto/Murphy Productions,75000000.0
 Deep Films,30000000.0
 Defender Films,14000000.0
 Demilo Films,120000000.0
 Destination Films,566666.6666666666
 Detour Filmproduction,2600000.0
 Dexter Studios,18300000.0
 Di Novi Pictures,11800000.0
 Diamond Films,0.0
 DiamondBack,2000000.0
 Diaphana Films,3650000.0
 Digital Cube,4750000.0
 Directors,25500000.0
 Disney Channel,0.0
 Disney Channels Worldwide,15000000.0
 Disney World Cinema,10400000.0
 Distressed Films,4000000.0
 Dog Eat Dog Productions,1200000.0
 Don Simpson/Jerry Bruckheimer Films,170000000.0
 Double Dare You,35000000.0
 Double Feature Films,44000000.0
 Double Nickel Entertainment,33000000.0
 Downtown Filmes,2000000.0
 Dream Castle,0.0
 DreamWorks Animation,60000000.0
 DreamWorks Pictures,68875000.0
 Dune Entertainment,41500000.0
 Dylan Clark Productions,185000000.0
 Dynamo,0.0
 EFICINE 189,6400000.0
 EFVE,12500000.0
 EGG FIRM,0.0
 EMI Films,15000000.0
 EMJAG Productions,100000000.0
 ENBU Seminar,52406.0
 EOS Entertainment,16000000.0
 Easy Tiger,2791874.0
 Eddie Murphy Productions,0.0
 Edith Film,10000000.0
 Egg Film,3000000.0
 Eighty Two Films,16000000.0
 Eisei Gekijo,5000000.0
 Elastic Film,0.0
 Electric Shadow Productions,11000000.0
 Element Pictures,24000000.0
 Embankment Films,3000000.0
 Emei Film Studio,0.0
 Emotion,0.0
 Endeavor Content,25000000.0
 Endemol Shine Polska,0.0
 Engine Film Group,0.0
 Entertainment One,25000000.0
 Entourage Pictures,23000000.0
 Epic,10000000.0
 Epic Productions,30000000.0
 Epsilon Motion Pictures,32500000.0
 Era International Ltd,0.0
 Erfttal Film,5070773.0
 Escape Artists,0.0
 Esperanto Filmoj,17000000.0
 Estudios Churubusco Azteca,0.0
 Estúdios Globo,0.0
 Estúdios Mega,2000000.0
 Euro International Films,0.0
 Evolution Independent,5000000.0
 Extreme Emotions,4750000.0
 F Comme Film,6000000.0
 F.C. Produzioni,0.0
 FIDECINE,400000.0
 FX Sound,1300000.0
 Facing East Entertainment,110000000.0
 Factory Cinematografica,0.0
 Fairview Entertainment,140000000.0
 Fangs,3000000.0
 Fantagio,2200000.0
 Fantawild,86000000.0
 Farabi Cinema,0.0
 Fargo Films,46000000.0
 Fat Kids Production,0.0
 Feijão Filmes,4000000.0
 Fida Cinematografica,0.0
 Film Bongok,0.0
 Film Momentum,0.0
 Film Tonic,0.0
 Film Victoria,8240000.0
 Film i Väst,7862500.0
 Film4 Productions,16285714.285714285
 FilmColony,44000000.0
 FilmNation Entertainment,12250000.0
 FilmWave,4000000.0
 Filmax,5500000.0
 Filmel,0.0
 Filmhaus Films,2500000.0
 Filmlink International,2500000.0
 Films 59,0.0
 Filmsonor,0.0
 Filmtribe,25000000.0
 Filmverlag der Autoren,3746000.0
 Finecut,10500000.0
 Fineworks,0.0
 First Look Media,20000000.0
 Fjeldabe Films AS,10000000.0
 Focus Features,28000000.0
 Folivari,10925000.0
 Fondation GAN pour le Cinéma,7300000.0
 Fonds Eurimages du Conseil de l'Europe,1000000.0
 Fono Roma,0.0
 Footloose Productions,110000000.0
 Forecast Pictures,21400000.0
 Fortissimo Films,3000000.0
 FortyFour Studios,500000.0
 Forward Pass,60000000.0
 Fox 2000 Pictures,17500000.0
 Fox International Productions,12000000.0
 Fox Searchlight Pictures,13500000.0
 Fox Star Studios,12000000.0
 France 2 Cinéma,11938899.42857143
 France 3 Cinéma,9475000.0
 France Télévisions,23000000.0
 Francinex,0.0
 Frederick Zollo Productions,15000000.0
 French Connection Animations,7300000.0
 Frenesy Film,3500000.0
 Fried Green Tomatoes Productions,11000000.0
 Friuli Venezia Giulia Film Commission,13500000.0
 Frontier Works,0.0
 Fruit Tree,35000000.0
 Fuji Television Network,250000.0
 Fukuoka Broadcasting System,0.0
 Futabasha,0.0
 Future Movie Productions,0.0
 Fís Éireann/Screen Ireland,5800000.0
 Fünfte Babelsberg Film,54000000.0
 GAGA Corporation,0.0
 GDH 559,1839169.0
 GENCO,0.0
 GK Films,52000000.0
 GKIDS,6000000.0
 GYAO,0.0
 Gaumont,13700000.0
 Genre Films,77500000.0
 George Stevens Jr. Productions,5400000.0
 Georgianfilm,0.0
 Gerber Pictures,33000000.0
 Ghoulardi Film Company,25666666.666666668
 Gidden Media,0.0
 Gilbert Films,30000000.0
 Globo Filmes,1192222.2222222222
 Globomedia,0.0
 Globoplay,1480000.0
 Gloob,0.0
 Goethe Filmproduktion,5070773.0
 Golden Harvest Company,11700000.0
 Goldmoon Film,5500000.0
 Good Smile Film,0.0
 Goodhill Vision,0.0
 Gran Via Productions,21000000.0
 Grand Army Entertainment,16000000.0
 Gravity Animation,0.0
 Greenwich Film Production,12000000.0
 Groucho II Film Partnership,63000000.0
 Gruskoff/Venture Films,2800000.0
 Gullane Entretenimento,0.0
 Gunn Films,200000000.0
 Gunpowder Films,20000000.0
 H Is 4 Productions,0.0
 HALF H･P STUDIO,0.0
 HMCH,0.0
 Hachiko,16000000.0
 Haddock Films,2000000.0
 Hakuhodo,2925000.0
 Hakuhodo DY Media Partners,22716666.666666668
 Hakuhodo DY Music & Pictures,0.0
 Handmade Films,1350000.0
 Hank Levine Film & Music,3300000.0
 Hanna-Barbera Cartoons,0.0
 Haojiahuo Pictures,0.0
 Happinet Pictures,0.0
 Happy Madison Productions,21000000.0
 Harbinger Pictures,25000000.0
 Harris-Kubrick Productions,627500.0
 Hasbro Entertainment,75000000.0
 Haut et Court,12000000.0
 Hawk Films,10733333.333333334
 He Nan Dian Ying Dian Shi Zhi Zuo Ji Tuan,0.0
 Head Gear Films,0.0
 Henan Film & TV Production Group,0.0
 Herald Ace,12000000.0
 Hercules Film Fund,0.0
 Heritage Films,35000000.0
 Heyday Films,143611111.1111111
 Heyi Capital,0.0
 Hiroshima Telecasting,0.0
 Hit & Run Productions,76000000.0
 Hold Up Films,5740000.0
 Hollywood Pictures,40000000.0
 Horgos Coloroom Pictures,22000000.0
 Horizon Pictures,910000.0
 Huayi Tencent Entertainment,5500000.0
 Human Woman,6000000.0
 Hyphenate Films,0.0
 Hélium Films,8000000.0
 I Remember Productions,9000000.0
 ICEC,4000000.0
 IDL Films,21400000.0
 IM Global,40000000.0
 INA,0.0
 INCAA,1825000.0
 ITC Entertainment,0.0
 Icon Productions,56000000.0
 Image Nation Abu Dhabi,12000000.0
 ImageMovers,46250000.0
 Imagine Entertainment,48000000.0
 Impostor Pictures,30000000.0
 Incei Film,0.0
 Independent,0.0
 Indian Paintbrush,44256732.666666664
 Indie Prod,4750000.0
 Industrias Audiovisuales Argentinas S.A.,1300000.0
 Industry Entertainment Partners,4500000.0
 Indéfilms 8,9850000.0
 Inferno Distribution,16000000.0
 Infinity Hill,20000000.0
 Inflammable Films,0.0
 Initial Entertainment Group,90000000.0
 Innisfree Pictures,23000000.0
 Inside Track,17500000.0
 Instituto Mexicano de Cinematografía,800000.0
 Integral Films,47000000.0
 Interopa Film,0.0
 Intuition Films,0.0
 Invicta Capital,10000000.0
 Isabella Films B.V.,10000000.0
 Island World,0.0
 Isle of Man Film,0.0
 Itami Productions,1500000.0
 J. Arthur Rank Organisation,550000.0
 J.Z. & Asociados,1300000.0
 JB Pictures,0.0
 JCE Movies,0.0
 JVC,0.0
 Jacel Desposito,0.0
 Jack Rollins & Charles H. Joffe Productions,9000000.0
 Jalem Productions,3200000.0
 Jean Silvera Films,200000.0
 Jerico,0.0
 Jerry Bruckheimer Films,143333333.33333334
 Jersey Films,14500000.0
 Jet Tone Production,3000000.0
 Jinks/Cohen Company,42500000.0
 JoAnne Sellar Productions,25000000.0
 John Barry Group,0.0
 John Ford Productions,3200000.0
 Joint Effort,55000000.0
 Jolie Pas,0.0
 Jor Kwang Films,1000000.0
 Jouer Limited,2800000.0
 Joy Pictures,11936735.0
 JuVee Productions,50000000.0
 Juno Pix,33000000.0
 Jurow-Shepherd,2500000.0
 K & S Films,4000000.0
 K2 Two,3000000.0
 K3G Films Limited,0.0
 K5 Film,5070773.0
 K5 International,5070773.0
 KADOKAWA,0.0
 KADOKAWA Media House,0.0
 KADOKAWA Shoten,0.0
 KD Media,1500000.0
 KDDI,8216666.666666667
 KNM,6000000.0
 KTB Network,8500000.0
 Kabir Khan Films,13000000.0
 Kavac Film,0.0
 Kendrick Brothers,2833333.3333333335
 Kennedy Miller Mitchell,150000000.0
 Kenya Films,20000000.0
 Kernos,21000000.0
 Kevin Feige Productions,250000000.0
 Kiagli Releasing,17500000.0
 Kiarostami Foundation,0.0
 Killer Films,12000000.0
 Kimera Film,0.0
 Kinema Sarajevo,0.0
 Kingsgate Films,0.0
 Kinology,650000.0
 Kiwi Media Group,3250000.0
 Kodak Argentina S.A.,1300000.0
 Kodansha,2175000.0
 Komuna,7000000.0
 Korea Pictures,0.0
 Korean Film Council,18300000.0
 Korokoro,0.0
 Kotobuki Seihan Printing,3000000.0
 Krátký film Praha – Studio Jiřího Trnky,0.0
 Kubla Khan,0.0
 Kurosawa Film Production,12000000.0
 Kurosawa Production,2083333.3333333333
 Kuzui Enterprises,0.0
 Kylin Pictures,40000000.0
 LBP,0.0
 LOCUS Corporation,20000000.0
 La Compagnie Cinématographique,21400000.0
 La Parti Production,12500000.0
 La Région Île-de-France,7300000.0
 La Scala Films,0.0
 La Sept Cinéma,2600000.0
 La Victoria Films,0.0
 Lago Film,47000000.0
 Lantis,0.0
 Las Producciones del Escorpion,17000000.0
 LaserDisc Corporation,5700000.0
 Lava Bear Films,47000000.0
 Lawrence Bender Productions,0.0
 Lawrence Gordon Productions,21000000.0
 Lawrence Turman Productions,3000000.0
 Lawson Entertainment,0.0
 Le Studio Canal+,56000000.0
 Lee Mendelson Film Productions,96000.0
 Legendary Pictures,153250000.0
 Leone Film Group,0.0
 Les Contes Modernes,1300000.0
 Les Films Alain Sarde,15000000.0
 Les Films Ariane,5000000.0
 Les Films Armorial,0.0
 Les Films Concordia,0.0
 Les Films Gibé,0.0
 Les Films Marceau,0.0
 Les Films Marceau-Cocinor,0.0
 Les Films de la Pléiade,64000.0
 Les Films des Tournelles,4000000.0
 Les Films des deux mondes,0.0
 Les Films du Carrosse,0.0
 Les Films du Dauphin,16000000.0
 Les Films du Fleuve,0.0
 Les Films du Losange,0.0
 Les Productions Lazennec,2600000.0
 Les Productions de la Guéville,0.0
 Les films du Worso,5300000.0
 Levantine Films,25000000.0
 Ley Line Entertainment,25000000.0
 Lian Ray Pictures,0.0
 Liberator Productions,11250000.0
 Lifetime,0.0
 Light Chaser Animation Studios,0.0
 Lightstorm Entertainment,217333333.33333334
 Limp,35000000.0
 Linson Entertainment,34333333.333333336
 Lions Gate Films,8750000.0
 Lionsgate,48333333.333333336
 Lipsync Productions,0.0
 Living Films,55000000.0
 Logical Content Ventures,29636409.5
 LokizFilms,5300000.0
 Long Road Productions,6000000.0
 Lord Miller,95000000.0
 Lost Bandits,110000000.0
 Lotus Production,0.0
 Louverture Films,4000000.0
 Lowndes Productions Limited,0.0
 Ltd.,9500000.0
 Lucasfilm Ltd.,33000000.0
 Lucky Red,0.0
 Lumière,3300000.0
 Lux Film,0.0
 Lynda Obst Productions,165000000.0
 Légende Films,50000000.0
 M-Line Distribution,627500.0
 M.Y.R.A. Entertainment,3500000.0
 M6 Films,46000000.0
 MACRO,25000000.0
 MACT Productions,1480000.0
 MAGES.,0.0
 MAGNET,0.0
 MAPPA,0.0
 MBK Productions,0.0
 MBS,0.0
 MC Producciones,1400000.0
 MIFF Premiere Fund,4350000.0
 MIRACLE Productions,100000000.0
 MK2 Films,9500000.0
 MMC Independent,10000000.0
 MRC,40000000.0
 MUVI Films,0.0
 Mac Guff Ligne,0.0
 Mad Hatter Entertainment,64500000.0
 Mad Solar,0.0
 Madeleine Films,0.0
 Madhouse,0.0
 Madhouse Entertainment,46000000.0
 Magellan Films,0.0
 Magna Global Entertainment,0.0
 Magnolia Mae Films,55000000.0
 Main Journey,21400000.0
 Majestic Films International,22000000.0
 Majgaard,5070773.0
 Malpaso Productions,25600000.0
 Mama se fue de viaje la pelicula,3400000.0
 Manchester Films,23000000.0
 Mandate International,12000000.0
 Mandeville Films,20000000.0
 MarVista Entertainment,0.0
 Maran Film,750000.0
 Marc Platt Productions,103750000.0
 Mark Johnson Productions,17000000.0
 Mars Film Produzione,750000.0
 Mars Films,0.0
 Martin Bregman Productions,25000000.0
 Marv,81000000.0
 Marvel Entertainment,97000000.0
 Marza Animation Planet,122000000.0
 Matchbox Pictures,4500000.0
 Maybe Movies,12500000.0
 McFarland Entertainment,0.0
 Me contro Te,75000.0
 Media Asia Films,90000000.0
 Mediamax Films,0.0
 Mediaset Premium,0.0
 Medusa Film,0.0
 Melampo Cinematografica,20000000.0
 Melusine Productions,6870000.0
 Memento Films International,3500000.0
 Memento Films Production,5800000.0
 Memfis Film,10000000.0
 Memory-Tech,0.0
 Menuet,0.0
 Merkel Media,4000000.0
 MetFilm Production,0.0
 Method Animation,0.0
 Metro-Goldwyn-Mayer,15437500.0
 Metrol Technology,0.0
 MiC,0.0
 Michael White Productions,400000.0
 Michigan Venture Capital,2000000.0
 Mid March Media,110000000.0
 Migdal Filmes,2000000.0
 Mikado Film,17500000.0
 Mike Nichols Productions,3000000.0
 Mike Zoss Productions,25000000.0
 Mill Film,103000000.0
 Mimran Schur Pictures,25000000.0
 Ministerio de Cultura,2000000.0
 Miracle Pictures,17500000.0
 Mirae Asset Capital,0.0
 Miramax,26500000.0
 Misher Films,2500000.0
 Misión de Audaces Films,65500000.0
 Mitsubishi,15550000.0
 Mitsubishi Shoji,36150000.0
 Miyagi Television Broadcasting,0.0
 Mogambo Films,100000000.0
 Molinare Investment,15000000.0
 Momentum Pictures,15000000.0
 Monolith Pictures,250000000.0
 Mooz Films,4000000.0
 Mosfilm,1000000.0
 Motion Content Group,0.0
 Motion Picture Associates,13000000.0
 Movie Partners In Motion Film,1000000.0
 Movie Walker,0.0
 Movierock,0.0
 Movistar Plus+,4000000.0
 Muhan Investment,1400000.0
 Mutual Film Company,70000000.0
 N279 Entertainment,4750000.0
 NPS,10000000.0
 NPV Entertainment,25000000.0
 NTT Docomo,0.0
 Nadler No-GMO Popcorn Company,0.0
 Nagoya Broadcasting Network,0.0
 National Film Trustee Company,400000.0
 Naya Films SA,1300000.0
 Naymar,0.0
 Neal Street Productions,100000000.0
 Nelson Entertainment,20000000.0
 Nemuru Otoko Seisaku Iinkai,0.0
 Netflix,32750000.0
 Netter Productions,29000000.0
 Neverending Media,5000000.0
 New Film Studio of Beijing Starlight International Media Co. Ltd.,11700000.0
 New Leaf Literary & Media,17000000.0
 New Republic Pictures,87500000.0
 New Zealand Film Production Fund,25000000.0
 Newmarket Films,22250000.0
 Next Entertainment World,20000000.0
 Nexus Factory,0.0
 Nibariki,9260000.0
 Nichion,0.0
 Nimbus Film,1300000.0
 Nine Network Australia,420000.0
 Nippan Group Holdings,5000000.0
 Nippon Columbia,0.0
 Nippon Television Network Corporation,14743750.0
 No Trace Camping,13000000.0
 Noodles Production,5300000.0
 Norman Studio,0.0
 Norsk TV2 AS,10000000.0
 Nostromo Pictures,4000000.0
 Nouvelles Éditions de Films,0.0
 Novo Arturo Films,5300000.0
 Novofilm,14000000.0
 Nthibah Pictures,30000000.0
 Nørlum,0.0
 OCS,6000000.0
 OG Medya,0.0
 OLC / Rights Entertainment,25000000.0
 ON Animation Studios,86000000.0
 ONIRO,3000000.0
 OPE Partners,16000000.0
 ORF,16000000.0
 ORTF,0.0
 Ocean Films,200000.0
 October Media,22000000.0
 Odra-Film,5500000.0
 Office Kitano,0.0
 Office National pour le Commerce et l'Industrie Cinématographique (ONCIC),0.0
 Okko Production,21400000.0
 Olmos Productions,0.0
 Oma Inge Film,0.0
 One Community,25000000.0
 One Cool Films,75000000.0
 Open City Films,4000000.0
 Open Road Films,20000000.0
 Opera Film Produzione,437500.0
 Opperman Viner Chrystyn Entertainment,16000000.0
 Orange,4000000.0
 Organización Santo Domingo,0.0
 Original Film,122000000.0
 Otto Preminger Films,2000000.0
 Outlier Society,25000000.0
 Overbrook Entertainment,35000000.0
 P of A Productions,130000000.0
 PEA,5100000.0
 PROCIREP,3650000.0
 PSO,30000000.0
 PVR Inox Pictures,2600000.0
 Pacific Western,54200000.0
 Page 114,6600000.0
 Pain Unlimited Filmproduktion,11250000.0
 Painted House Films,0.0
 Palatine Étoile 17,9850000.0
 PalmStar Media,4000000.0
 Panache Productions,21400000.0
 Pandemonium,50000000.0
 Pandora Cinema,4500000.0
 Pandora Film,4666666.666666667
 Pandora Pictures,11800000.0
 Panique!,3000000.0
 Panorama Global,849080.0
 Pantaleon Films,0.0
 Pantelion Films,5000000.0
 Paradis Films,3000000.0
 Parallel Films,0.0
 Paramount Pictures,80833333.33333333
 Paramount Pictures Brasil,2000000.0
 Paramount Vantage,20000000.0
 Paraná Filmes,0.0
 Pariah,19000000.0
 Paris Filmes,2000000.0
 Paris-Film Production,0.0
 Park Road Post,25000000.0
 Parkes+MacDonald Production,52000000.0
 Participant,22500000.0
 Partizan Films,110000000.0
 Pascal Pictures,107500000.0
 Patalex III Productions,150000000.0
 Patalex IV Productions,150000000.0
 Pathé,17318204.75
 Pathé Consortium Cinéma,0.0
 Pathé Exchange,121000.0
 Pathé Overseas,0.0
 Pathé Renn Productions,5300000.0
 Penta Entertainment,22000000.0
 Penta Film,3000000.0
 Peppermint & Company,6000000.0
 Peregrine,15000000.0
 Perfect World Pictures,25000000.0
 Permut Presentations,20000000.0
 Personafilm,3000000.0
 Peters Creek Entertainment,100000000.0
 Phantom Four,0.0
 Phi Group,6800000.0
 Phoenix Pictures,46500000.0
 Picture Factory,10000000.0
 Picture Loom Productions,0.0
 Picture Perfect Entertainment,10000000.0
 Piki Films,8250000.0
 Pinema,5500000.0
 Pinewood Pictures,0.0
 Pinnacle Peak Pictures,30000000.0
 Pixar,100000000.0
 Plan B Entertainment,36666666.666666664
 Play Art,0.0
 Playtime,6600000.0
 Playtone,90000000.0
 Plus M Entertainment,0.0
 Poisson Rouge Pictures,0.0
 Pola Pandora Filmproduktions,0.0
 Polaris Productions Limited,2200000.0
 Pony Canyon,0.0
 Posto 9,4000000.0
 Potboiler Productions,0.0
 Potomak Films,0.0
 Prescience,8000000.0
 Prima Films,200000.0
 Pro-ject Filmproduktion,4556000.0
 Producciones Gustavo Alatriste,0.0
 Production I.G,1500000.0
 Productions et Éditions Cinématographiques Françaises,700000.0
 Produzione Intercontinentale Cinematografica (PIC),700000.0
 Produzioni De Sica,0.0
 Prosperity Pictures,11700000.0
 Protozoa Pictures,6833333.333333333
 Proud Films,0.0
 Provident Films,2833333.3333333335
 Proximus,21400000.0
 Pupkin,0.0
 Python (Monty) Pictures,4000000.0
 Q Productions,20000000.0
 Q-TEC,0.0
 QC Entertainment,4500000.0
 Quad Productions,11466666.666666666
 Quanta Centro de Produções Cinematográficas,4000000.0
 Quaras,0.0
 RAI,4218750.0
 RAI Cinema,3318204.75
 RBF Productions,5500000.0
 RKO Radio Pictures,839727.0
 RPW Productions,110000000.0
 RT Features,2490000.0
 RTBF,5166666.666666667
 RTS,11000000.0
 RTÉ,12000000.0
 RadicalMedia,30000000.0
 Radio-Télévision Française,0.0
 Rafran Cinematografica,17500000.0
 Rai Fiction,0.0
 Rainmaker Films,5000000.0
 Rakuonsha,0.0
 Rampart Productions,0.0
 Rat Pack Filmproduktion,5000000.0
 RatPac Entertainment,150000000.0
 Razor Film Produktion,4750000.0
 Realies Pictures,18300000.0
 Red Chillies Entertainment,12000000.0
 Red Sky Studios,3000000.0
 Red Wagon Entertainment,94000000.0
 RedPeter Films,8500000.0
 Redrum,0.0
 Regency Enterprises,49333333.333333336
 Reggane Films,0.0
 Relativity Media,32333333.333333332
 Reliance Entertainment,35125000.0
 Renn Productions,4136148.0
 Rex Entertainment,3000000.0
 Rhea Films,0.0
 Riama Film,0.0
 Right of Way Films,1650000.0
 Rink Rat Productions,0.0
 RioFilme,1000000.0
 Riofilm,2900000.0
 Rita Productions,8000000.0
 River Road Entertainment,17000000.0
 Rizzoli Film,0.0
 Robert Evans Productions,6000000.0
 Rocklin / Faust,20000000.0
 Ronald Shusett Productions,11000000.0
 Roxlom Films,3000000.0
 Ruby Films,0.0
 Rufus,0.0
 Run It Up Productions Inc.,30000000.0
 Runteam,35000000.0
 Ryan Murphy Television,0.0
 Rysher Entertainment,30000000.0
 R² Films,5000000.0
 SAFDI,0.0
 SAMG Entertainment,0.0
 SBS,8240000.0
 SBS Productions,1430000.0
 SCOPE Pictures,0.0
 SEGA,61000000.0
 SEGA of America,122000000.0
 SF Studios,50000000.0
 SFP,0.0
 SK Planet,25500000.0
 SKA Films,1350000.0
 SND,86000000.0
 SRG SSR,8000000.0
 STUDIO4℃,1750000.0
 STUDIO706,0.0
 STXfilms,22000000.0
 SUNRISE,0.0
 SVT,5766666.666666667
 SVT Drama,12500000.0
 SWR,0.0
 Salman Khan Films,13000000.0
 Salon Films,1000000.0
 Sammy,0.0
 Samuel Goldwyn Films,1500000.0
 San Marco,2500000.0
 Sancro Film,0.0
 Sapporo Television Broadcasting Company,0.0
 Saticoy Productions,2500000.0
 Savoy Pictures,20000000.0
 Sciarlò,9000000.0
 Scion Films,28000000.0
 Scott Free Productions,105500000.0
 Scott Rudin Productions,49256732.666666664
 Screen Australia,6746666.666666667
 Screen Door,0.0
 Screen Gems,100000000.0
 Screen Scotland,0.0
 Seamus,17500000.0
 Searchlight Pictures,0.0
 Sedic,0.0
 See-Saw Films,13500000.0
 Seoul Broadcasting System,1500000.0
 SevenPictures Film,0.0
 ShadowMachine,35000000.0
 Shanghai Film Group,11700000.0
 Sherwood Pictures,500000.0
 Shifting Gears Productions,18000000.0
 Shinshokan,0.0
 Shivhans Pictures,5000000.0
 Shizuoka Daiichi Television,0.0
 Shochiku,0.0
 Shochiku Ofuna Film Studio,0.0
 Shogakukan,0.0
 Shooting Script Films,8000000.0
 Shortcom,0.0
 Showbox,6773335.0
 Shudder Films,0.0
 Shueisha,2870000.0
 Sidus,3500000.0
 Sidus Animation,20000000.0
 Sigma Films,10000000.0
 Sikelia Productions,90000000.0
 Silent House Productions,15000000.0
 Silver Films,0.0
 Silver Pictures,48333333.333333336
 Silver Screen Partners IV,16400000.0
 Simar Films,0.0
 Simplex Films,0.0
 Sina Studios,110000000.0
 Siz Entertainment,6000000.0
 Skellington Productions,18000000.0
 Skydance Animation,0.0
 Skydance Animation East,0.0
 Sladek Taaffe Productions,0.0
 Slot Machine,10000000.0
 Small Shack Productions,0.0
 Snow Republic,0.0
 Société Générale de Cinématographie (S.G.C.),0.0
 Société Nationale Pathé Cinéma,200000.0
 Société Nouvelle Pathé Cinéma,0.0
 Sofica EuropaCorp,7300000.0
 Soficinéma,7300000.0
 Sofitedip,0.0
 Softcapital,0.0
 Sogecine,17000000.0
 Solar Productions,12000000.0
 Solaris Film,25000000.0
 Solo Productions,0.0
 Something Else B.V.,10000000.0
 Sons of Manual,4900000.0
 Sony Music Entertainment (Japan),4000000.0
 Sony Pictures,100000000.0
 Sony Pictures Animation,88333333.33333333
 Sony Pictures Classics,7300000.0
 Sony Pictures Entertainment Brazil,0.0
 Sony Pictures International Productions,3400000.0
 Sony Pictures Television,0.0
 Spark Productions,0.0
 Specta Films,0.0
 Spillefilmselskapet 4 1/2,10000000.0
 Splendid Pictures,52000000.0
 Spyglass Entertainment,60000000.0
 Square One C.I.H.,15000000.0
 Stadenn Productions,23000000.0
 Stage 6 Films,10666666.666666666
 Stampede Ventures,13000000.0
 Stanley Kramer Productions,3000000.0
 Stanley Kubrick Productions,16100000.0
 Star Child Recording,0.0
 Star China Media,12000000.0
 Star Partners II,25000000.0
 Starbucks Entertainment,18000000.0
 Story,0.0
 Storyscape Entertainment,0.0
 Storyteller Productions,55000000.0
 Straight Edge,0.0
 Strike Entertainment,76000000.0
 Strong Heart,19000000.0
 Studio Babelsberg,55000000.0
 Studio Chizu,0.0
 Studio Deen,0.0
 Studio Filmowe Tor,0.0
 Studio O,0.0
 Studio VOLN,0.0
 StudioCanal,9620000.0
 Sumitomo Corporation,5350000.0
 Summit Entertainment,9000000.0
 Sumzap,0.0
 Sunbeam TV & Films,6000000.0
 Sunstar Entertainment,12000000.0
 Sunswept Entertainment,20000000.0
 Super Cool ManChu,30000000.0
 Superprod Animation,0.0
 Svenska Filminstitutet,2133333.3333333335
 Syalis DA,50000000.0
 Synchronicity Films,4000000.0
 Syncopy,140000000.0
 Sédif Productions,0.0
 T-Street,40000000.0
 T2 Studio,49300000.0
 TBS,0.0
 TBS Radio,0.0
 TC Productions,0.0
 TF1,0.0
 TF1 Films Production,4357142.857142857
 TF1 Studio,0.0
 TFC,19000000.0
 TIK Films,20000000.0
 TLA Releasing,0.0
 TMC,0.0
 TNDG,23500000.0
 TOHO,11272222.222222222
 TOY'S FACTORY,0.0
 TPS Cinéma,12500000.0
 TRT,4750000.0
 TSG Entertainment,89509090.9090909
 TSG Entertainment II,50000000.0
 TT Filmmûhely,1000000.0
 TV 1000 Sverige,10000000.0
 TV Man Union,0.0
 TV Tokyo,0.0
 TV3,4000000.0
 TVE,2000000.0
 Tango Entertainment,0.0
 Tanlay,25000000.0
 Tapioca Films,10000000.0
 Tarantula,13272819.0
 Taurus Film,63000000.0
 Taylor Swift Productions,0.0
 Team Todd,9000000.0
 Technical Black Films,30000000.0
 Telecinco,19000000.0
 Telecine,1357500.0
 Telefe,2000000.0
 Televisa,5250000.0
 Televizija Sarajevo,0.0
 Temple Hill Entertainment,34000000.0
 Ten Films,6500000.0
 Tencent Pictures,0.0
 Tequila Gang,19000000.0
 Tevere Film,0.0
 The Asahi Shimbun,0.0
 The Big Farm,0.0
 The Bridge Production,4000000.0
 The Coppola Company,13000000.0
 The Donners' Company,77500000.0
 The Guber-Peters Company,20000000.0
 The Hatchery,0.0
 The Kennedy/Marshall Company,23650000.0
 The Ladd Company,29000000.0
 The Lift,10000000.0
 The Match Factory,0.0
 The Mazur Kaplan Company,0.0
 The Mirisch Company,5500000.0
 The Noel Gay Motion Picture Company,4000000.0
 The Producer Circle Co.,19000000.0
 The Rank Organisation,0.0
 The SPA Studios,0.0
 The Saul Zaentz Company,88666666.66666667
 The SpringHill Company,21000000.0
 The Steve Tisch Company,55000000.0
 The Stone Quarry,70000000.0
 The Turman-Foster Company,15000000.0
 The Turman-Morrissey Company,20000000.0
 The Walt Disney Company (Japan),21750000.0
 The Walt Disney Company EMEA,0.0
 The Weinstein Company,37000000.0
 The Zanuck Company,70000000.0
 The Zanuck/Brown Company,5500000.0
 This is that,20000000.0
 Thomas Carter Company,0.0
 Thousand Words,4500000.0
 Tianijn Xiron Entertainment,0.0
 Tianjin Maoyan Weying Media,11936735.0
 Tim Burton Productions,45000000.0
 Time Antaeus Media Group,11700000.0
 Tin Blue,12000000.0
 Titanus,0.0
 Toberoff Productions,0.0
 Tobis,6000000.0
 Toei Animation,1000000.0
 Toei Company,0.0
 Toff Guy Films,38500000.0
 Tohan,0.0
 Toho Laboratory,60000.0
 Tokuma Shoten,10033333.333333334
 Tokyo FM,0.0
 Tokyo MX,0.0
 Tokyo Movie Shinsha,5700000.0
 Tomson (Hong Kong) Films Co.,4000000.0
 Tooniverse,1500000.0
 Topkapi Films,2575000.0
 Toranoana,0.0
 Tordenfilm,4750000.0
 Tornasol Media,2000000.0
 Toto & Co Films,47000000.0
 Touchstone Pictures,19966666.666666668
 Trademark Films,5750000.0
 Tre Forum,5000000.0
 Tree Top Films,30000000.0
 TriStar Pictures,3000000.0
 Tribeca Productions,22000000.0
 Triumph Films,200000.0
 Trollhättan Film,10000000.0
 Trust Film Svenska,12500000.0
 Trésor Films,0.0
 Turnpike Films,97600000.0
 Twentieth Century-Fox Productions,11000000.0
 Twisted Media,17000000.0
 Télé-Québec,0.0
 UGC,10000000.0
 UGC Films,0.0
 UK Film Council,15000000.0
 UTV Motion Pictures,8666666.666666666
 Uhlandfilm,1300000.0
 Ultra Film - Sicila Cinematografica,0.0
 UniCredit Group,13500000.0
 Unified Theory,0.0
 Unigram,0.0
 Union Investment Partners,9850000.0
 United Artists,2336666.6666666665
 United Pictures,1255000.0
 Universal International Pictures,0.0
 Universal Pictures,22400000.0
 Universal Pictures International,2000000.0
 VAP,0.0
 VIZ Media,178000000.0
 VTM,0.0
 Value & Power Culture Communications,12000000.0
 Vanguard Films,2000000.0
 Vega Film,3150000.0
 Vendian Entertainment,40000000.0
 Vendôme Production,0.0
 Versus Production,0.0
 Vertigo Entertainment,51500000.0
 ViX,10000000.0
 VicScreen,110000000.0
 VideoFilmes,3100000.0
 Videocine,4087500.0
 Vides Cinematografica,0.0
 Village Roadshow Pictures,103166666.66666667
 Vinod Chopra Films,11000000.0
 Vision Distribution,4500000.0
 Visiona Romantica,70000000.0
 Vistamar Filmproduktion,1300000.0
 Voltage Pictures,5000000.0
 Von Vietinghoff Filmproduktion,0.0
 Véra Films,0.0
 WDR,6941666.666666667
 WDR/Arte,10000000.0
 WFI Productions Ltd.,25000000.0
 WFS - Walter Film Studio,1300000.0
 WV Films IV,33000000.0
 Walden Media,15125000.0
 Wallace and Gromit,832000.0
 Walt Disney Animation Studios,0.0
 Walt Disney Feature Animation,35000000.0
 Walt Disney Japan,24000000.0
 Walt Disney Pictures,60000000.0
 Walt Disney Productions,3000000.0
 Wanka Cine,20000000.0
 Ward Four,0.0
 Warner Bros. Animation,2625000.0
 Warner Bros. China,11936735.0
 Warner Bros. Family Entertainment,0.0
 Warner Bros. Japan,0.0
 Warner Bros. Korea,5500000.0
 Warner Bros. Pictures,62802380.952380955
 Warner Bros. Productions,54000000.0
 Warner Max,0.0
 Warner Premiere,1750000.0
 Water's End Productions,3500000.0
 Wayfarer Studios,0.0
 We Pictures,0.0
 Wega Film,8900000.0
 Welle Entertainment,50000000.0
 Wenders Images,14000000.0
 Wendy Finerman Productions,55000000.0
 Werc Werk Works,1000000.0
 Westbrook,50000000.0
 Weydemann Bros.,0.0
 What Else?,12500000.0
 Why Not Productions,0.0
 Wiedemann & Berg Film,1000000.0
 Wild Bunch,9037500.0
 Wildlife Films Peru,7362000.0
 Wildside,0.0
 Will Packer Productions,28000000.0
 Wim Wenders Stiftung,1250000.0
 WingNut Films,88666666.66666667
 Witt/Thomas Productions,16400000.0
 Wojewódzki Dom Kultury w Rzeszowie,1300000.0
 Wolper Organization,35000000.0
 Working Title Films,20714285.714285713
 World 2000 Entertainment,35000000.0
 Wrigley Pictures,2800000.0
 X Filme Creative Pool,8900000.0
 Xenon Pictures,28000000.0
 Xiongfa Film Company,0.0
 YLE,10000000.0
 Yash Raj Films,0.0
 Year of the Rat,25000000.0
 Yomiuri Shimbun Company,0.0
 Yomiuri Telecasting Corporation,2400000.0
 Yong Film,8575000.0
 You Want I Should,6000000.0
 ZDF,3108193.25
 Zag Animation Studios,86000000.0
 Zahorí Media,0.0
 Zazen Produções,2000000.0
 Zehnte Babelsberg Film,70000000.0
 Zentropa Entertainments,6150000.0
 Zentropa International Netherlands,5150000.0
 Zentropa International Sweden,6825000.0
 Zero Fiction Film,1000000.0
" Zespół Filmowy ""Tor""",0.0
 Zeta Film,2000000.0
 Zeta Studios,0.0
 Zhejiang Hengdian Film Production,11936735.0
 Zoma Films,10000000.0
 avex pictures,0.0
 c-style,0.0
 d-rights,27000000.0
 dentsu,11821428.57142857
 di Bonaventura Pictures,75000000.0
 iAm21 Entertainment,0.0
 iHQ,0.0
 jeki,0.0
 kth,18300000.0
 micro_scope,6800000.0
 movic,1500000.0
 paiva films,0.0
 uFund,23000000.0
 uMedia,15333333.333333334
 voque ting,0.0
 Íslenska kvikmyndasamsteypan,12500000.0
1492 Pictures,25000000.0
20th Century Fox,42125909.09090909
20th Century Studios,138333333.33333334
3Pas Studios,10000000.0
6th & Idaho Motion Picture Company,185000000.0
87North Productions,16000000.0
A Steven Haft Production,16400000.0
A-1 Pictures,0.0
A.Gi.Di.,0.0
A24,7500000.0
ABC Animation,0.0
APJAC Productions,5800000.0
AVCO Embassy Pictures,3000000.0
Aamir Khan Productions,6500000.0
Aardman,832000.0
Access Pictures,200000.0
Acemaker Movieworks,6500000.0
Adicta Films,0.0
Affirm Films,5000000.0
Agencia SHA,0.0
Aircraft Pictures,0.0
Alazraki Entertainment,2000000.0
Alcon Entertainment,37500000.0
Alfred J. Hitchcock Productions,1000000.0
Allfilm,0.0
Allied Artists Pictures,12000000.0
Alloy Entertainment,0.0
Altavista Films,6000000.0
Amato Film,0.0
Amazon Studios,0.0
Amblin Entertainment,15500000.0
American Playhouse,0.0
American Zoetrope,31500000.0
Amusement Park Films,20000000.0
Ananã Produções,0.0
Annapurna Pictures,11500000.0
Arcadia Motion Pictures,5300000.0
Archimede,13272819.0
Arco Film,0.0
Arenamedia,4350000.0
Argos films,0.0
Artisan Entertainment,4500000.0
Artists Entertainment Complex,1800000.0
Asghar Farhadi Productions,5000000.0
Atresmedia,0.0
Attic Bedroom,0.0
Aurum Film,1300000.0
Avon Productions,3000000.0
BA Entertainment,0.0
BBC,0.0
BBC Cymru Wales,0.0
BBC Film,12500000.0
BFI,0.0
BKM,0.0
BONES,4000000.0
Bad Angels Productions,15000000.0
Bad Hat Harry Productions,6000000.0
Bandai Visual,1500000.0
Barunson E&A,8181500.0
Beijing Enlight Pictures,22000000.0
Beijing Film Studio,4000000.0
Belarusfilm,0.0
Beyond C.,0.0
BiBi Film,0.0
Bidangil Pictures,2600000.0
Big Beach,8000000.0
Bitter Films,0.0
Block 2 Pictures,3000000.0
Blueprint Pictures,15000000.0
Boies/Schiller Film Group,2800000.0
Bold Films,3300000.0
Boo Pictures,4000000.0
Boulder Media,0.0
Bowfinger,3400000.0
Brain's Base,0.0
Brandywine Productions,11000000.0
Breakthru Films,5500000.0
Bristol Automotive,14000000.0
Broken Chair Flickz,28000000.0
Broken Road Productions,25000000.0
Brooksfilms,5000000.0
Bryna Productions,935000.0
C. C. Champion,0.0
C.V. Whitney Pictures,3750000.0
CG Cinéma,1300000.0
CJ Entertainment,10833333.333333334
Calamity Films,0.0
Camisa Listrada,0.0
Canal+ España,2000000.0
Carolco Pictures,102000000.0
Cartoon Network Studios,1000000.0
Cartoon Saloon,6000000.0
Castle Rock Entertainment,26875000.0
Cecchi Gori Group Tiger Cinematografica,0.0
Celador Films,15000000.0
Celebrated Productions,900000.0
Cenoura Filmes,2000000.0
Chapter 2,46000000.0
Charles Chaplin Productions,2453285.714285714
Charles K. Feldman Group,1800000.0
Chenault Productions,7500000.0
Chengdu Coco Cartoon,80000000.0
Chernin Entertainment,84000000.0
Chi-Fou-Mi Productions,0.0
China Film Group Corporation,0.0
CiBy 2000,7000000.0
Cinecittà Studios,0.0
Cineflix Productions,0.0
Cineguild,1200000.0
Cinema Service,0.0
Cinematograph AB,2183333.3333333335
Cinemaundici,0.0
Cinereach,6000000.0
Cineriz,0.0
Cino del Duca,0.0
Climax Studios,0.0
CloverWorks,0.0
CoMix Wave Films,0.0
Columbia Pictures,27922333.333333332
Compagnie Industrielle et Commerciale Cinématographique,0.0
Constantin Film,0.0
Creado Film,2000000.0
Creando Films,0.0
Crossbow Productions,2800000.0
Cruise/Wagner Productions,17000000.0
D.D.L.,0.0
DC,0.0
DC Entertainment,3500000.0
DDL Cinematografica,0.0
DEG,6000000.0
DR,1300000.0
DVV Entertainment,69000000.0
Daiei Film,1062500.0
Deantir,0.0
Deblokada,4750000.0
Decla Film Gesellschaft Holz & Co.,18000.0
Defender Films,2500000.0
Den of Thieves,0.0
Desperate Pictures,3000000.0
Dharma Productions,6000000.0
Different Films,0.0
Dijital Sanatlar,4200000.0
Double Dare You,120000000.0
Double Feature Films,21000000.0
Draco Films,0.0
DreamWorks Animation,95700000.0
DreamWorks Pictures,55000000.0
ERA International,1000000.0
Ealing Studios,0.0
Echo Lake Entertainment,0.0
Edward Small Productions,3000000.0
Eisei Gekijo,0.0
El Arriero Films,65500000.0
El Deseo,6136148.0
Electric City Entertainment,5000000.0
Elías Querejeta PC,0.0
Embassy International Pictures,21333333.333333332
Engine Film,0.0
Epoca Films,5000000.0
Escape Artists,55000000.0
Esparza / Katz Productions,20000000.0
Esparza Caldera,0.0
Esterno Mediterraneo Film,3000000.0
Estudios Picasso,19000000.0
Euro International Films,0.0
EuropaCorp,0.0
Excelsa Film,20000.0
Faces International Films,1000000.0
Fair Film,0.0
FaithStep Films,3000000.0
Falling Sky Entertainment,200000.0
Fantasy Films,3000000.0
Faragó Film,0.0
Feijão Filmes,0.0
Figment Films,4000000.0
FilmNation Entertainment,47000000.0
Filmauro,0.0
Films Montsouris,0.0
Filmsonor,0.0
Filmverlag der Autoren,0.0
Flat 7,0.0
Flower Films,4500000.0
Focus Features,17000000.0
Folivari,3000000.0
Fox 2000 Pictures,34000000.0
Fox Film Corporation,0.0
Fox Searchlight Pictures,19000000.0
France 2 Cinéma,2791874.0
Franklin Entertainment,0.0
Fuji Television Network,0.0
GAINAX,0.0
GDH 559,1000000.0
GENCO,0.0
GP Pictures,500000.0
Galatea Film,0.0
Galatée Films,5300000.0
Gaumont,8062500.0
Gaylord Films,11800000.0
Genre Films,108000000.0
Goalpost Pictures,0.0
Goldcrest,12000000.0
Good Machine,0.0
Googly Films,30000000.0
Gordon Company,28000000.0
Government of West Bengal,0.0
Goëss Film,0.0
Grade A Entertainment,7000000.0
Gullane Entretenimento,0.0
Gébéka Films,8000000.0
HBO,0.0
HBO Films,0.0
Hal Roach Studios,121000.0
Handmade Films,4000000.0
Hanna-Barbera Cartoons,0.0
Hawk Films,1800000.0
Hell's Kitchen,13000000.0
Hemdale,6400000.0
Hemdale Film Corporation,6000000.0
Heyday Films,18000000.0
Hollywood Pictures,35000000.0
Hong Film,5900000.0
Horizon Pictures,8900000.0
Huevocartoon Producciones,2400000.0
Hutch Parker Entertainment,97000000.0
IAC Films,25000000.0
IBC MOvie,0.0
Igor Film,800000.0
Illumination,85000000.0
Image Ten,114000.0
Imagine Entertainment,27500000.0
Indian Paintbrush,16000000.0
Indusfilms,200000.0
Instituto Mexicano de Cinematografía,0.0
Iris Productions,8000000.0
It's a Laugh Productions,0.0
Italian International Film,0.0
Italo/Judeo Productions,1900000.0
J.C.STAFF,0.0
Jack Rollins & Charles H. Joffe Productions,4000000.0
Jerry Bruckheimer Films,30000000.0
Jet Tone Production,80000.0
Johnson & Johnson Spotlight Presentations,0.0
Jolly Film,100000.0
Jor Kwang Films,1839169.0
Joseph M. Schenck Productions,375000.0
Julianne Films,9850000.0
Jung Ji-woo Film,0.0
Kang Je-gyu Films,1500000.0
Kanoon,45000.0
Kasso Productions,2600000.0
Kemp Company,52000000.0
Khalabo Ink Society,0.0
Kim Ki Duk Film,0.0
Kindai Eiga Kyokai,0.0
Kineo Filmproduktion,0.0
Kingdom Story Company,13000000.0
Komixx Entertainment,0.0
Kyoto Animation,0.0
LAIKA,60000000.0
LD Entertainment,5750000.0
LJ Film,0.0
La Cinéfacture,3500000.0
La Unión de los Ríos,20000000.0
Lacuna Filmes,0.0
Lakeshore Entertainment,30000000.0
Landscape Entertainment,0.0
Lanistar Media,0.0
Lawrence Bender Productions,10000000.0
Legendary Pictures,170000000.0
Lerche,0.0
Lereby Produções,0.0
Les Armateurs,12500000.0
Les Films Alain Sarde,10000000.0
Les Films Corona,0.0
Les Films Paul Grimault,0.0
Les Films de Pierre,6600000.0
Les Films de la Pléiade,0.0
Les Films du Carrosse,350000.0
Les Films du Cru,6000000.0
Les Films du Losange,8900000.0
Les Productions Artistes Associés,9000000.0
Les Productions du Trésor,0.0
Liberty Films,3180000.0
Light Chaser Animation Studios,5968367.5
Likely Story,4000000.0
Lilies Films,5740000.0
Lionsgate,28333333.333333332
Live Entertainment,1200000.0
Ljubavny Film,0.0
Locksmith Animation,0.0
London Films Productions,0.0
Lord Miller,75000000.0
Lotte Entertainment,12200000.0
Lucasfilm Ltd.,16587500.0
Lux Film,0.0
Lyla Films,9500000.0
M-Line Distribution,0.0
MACA Entretenimento,0.0
MACT Productions,2900000.0
MAPPA,0.0
MBS,5700000.0
MGM Television,1750000.0
MK2 Films,0.0
MS Productions Magdalena Szwedkowicz,0.0
MTJJ,0.0
Mad Chance,0.0
Madhouse,33666666.666666664
Malpaso Productions,24000000.0
Mandarin Films,11700000.0
Marianne Productions,750000.0
Mario e Vittorio Cecchi Gori - C.E.I.A.D.,20000000.0
Mars Films,0.0
Marv,0.0
Marvel Studios,222888888.8888889
Marvelous Productions,0.0
Master Mind,14000000.0
Matten Productions,33000000.0
Media Asia Films,6400000.0
Medusa Film,3000000.0
Melodrama Pictures,8240000.0
Menuet,0.0
Mercury Productions,839727.0
Metafilms,4900000.0
Metro Pictures Corporation,0.0
Metro-Goldwyn-Mayer,3735915.285714286
Migdal Filmes,2000000.0
Miramax,19600000.0
Miso Film,0.0
Mission Pictures International,30000000.0
Moho Film,8575000.0
Monkeypaw Productions,4500000.0
Mosfilm,157500.0
Motion Picture Public Foundation of Hungary,1000000.0
Mr. Brown Entertainment,3500000.0
Mr. Mudd,13000000.0
Musrti,0.0
NDR,16000000.0
NTR,0.0
Natant,30000000.0
Natasha Filmes,0.0
Nepi Film,0.0
Nero-Film AG,0.0
Netflix,0.0
Netter Productions,25000000.0
New Century Producers,1500000.0
New Line Cinema,46666666.666666664
New Regency Pictures,20000000.0
New Zealand Film Commission,25000000.0
Newmarket Films,9000000.0
Next Entertainment World,5666666.666666667
Ninjin Club,0.0
Nippon Herald Films,12000000.0
Nippon Television Network Corporation,0.0
NoneMore Productions,0.0
Nord-Ouest Films,0.0
Nordisk Film Denmark,5070773.0
Nortesur Producciones,1400000.0
O2 Filmes,3300000.0
OGM Pictures,0.0
Oh! Production,0.0
Omega Project,0.0
Once Upon a Time Films,0.0
Optimum Productions,500000.0
Opus Pictures,1255000.0
Original Film,18000000.0
Orion Pictures,17000000.0
Orion-Nova Productions,397751.0
Overbrook Entertainment,0.0
P.A.WORKS,0.0
PACO Cinematografica,13500000.0
PASTEL,0.0
PEA,600000.0
PPW Films,849080.0
"PRF ""Zespoły Filmowe""",0.0
Pacific Data Images,60000000.0
Pakula-Mulligan,2000000.0
Palladium,0.0
Palomar Pictures International,3500000.0
Pan-Européenne,47000000.0
Panpokopina,52406.0
Pantelion Films,5250000.0
Paper Street Films,0.0
Paramount Animation,75000000.0
Paramount Pictures,28523633.76
Paramount Vantage,25000000.0
Parc Film,0.0
Parkes/Lasker productions,31000000.0
Participant,14500000.0
PassionFlix,0.0
Patagonik,1300000.0
Pathé Consortium Cinéma,64000.0
Paul Gregory Productions,795000.0
Peg-Films,0.0
Penta Film,0.0
Peppermint & Company,5500000.0
Pergamon Film,0.0
Pierrot,0.0
Pixar,108500000.0
Plan B Entertainment,250000000.0
PlayStation Productions,60000000.0
Playfilm Productions,500000.0
Playtone,50000000.0
Pokeepsie Films,0.0
PolyGram Filmed Entertainment,11000000.0
Ponti-De Laurentiis Cinematografica,0.0
Pony Canyon,0.0
Prana-Film,0.0
Price Entertainment,22000000.0
Producciones Gustavo Alatriste,0.0
Productions et Éditions Cinématographiques Françaises,0.0
Produzione Salvo D'Angelo,0.0
Produzioni De Sica,133000.0
Pyramide Productions,0.0
Python (Monty) Pictures,400000.0
R.P. Productions,35000000.0
RAI,5000000.0
RKO Radio Pictures,1000000.0
RPA Cinematografica,0.0
RT Features,0.0
Radiant Film,14000000.0
Rafran Cinematografica,0.0
Rajkumar Hirani Films,13000000.0
RatPac Entertainment,178000000.0
Red Granite Pictures,100000000.0
Regency Enterprises,37500000.0
Reiner / Greisman Productions,14000000.0
Revolution Films,38000000.0
Ringling College of Art + Design,0.0
River Road Entertainment,15000000.0
Rizzoli Film,0.0
Road Movies,2125000.0
Rob Diamond Films,0.0
Robert Wise Productions,8200000.0
RocketScience,110000000.0
Rockline Entertainments,13000000.0
Rodeo Drive,0.0
Romaine Film Corporation,1200000.0
Rome-Paris Films,0.0
Romulus Entertainment,0.0
Rossen Films,2000000.0
Roth-Kirschenbaum Films,21000000.0
Réalisation d'Art Cinématographique,0.0
SF Studios,21428.571428571428
SKA Films,100000000.0
SLM Production Group,18500000.0
STXfilms,55000000.0
Samuel Goldwyn Films,500000.0
Samuel Goldwyn Productions,2100000.0
Sangeori Pictures,2200000.0
Santa Fe Films,14500000.0
Santo Domingo Films,0.0
Scion Films,16000000.0
Searchlight Pictures,35000000.0
Seda Spettacoli,0.0
See-Saw Films,0.0
Select Films,0.0
Selznick International Pictures,2644000.0
Shamley Productions,806947.0
Shanghai Film Studio,0.0
Shaw Brothers,28000000.0
Shochiku,833333.3333333334
Shooting Pictures,0.0
Show East,3000000.0
Shueisha,0.0
Sidney Kimmel Entertainment,0.0
Sidus,20000000.0
Sierra/Affinity,8500000.0
Silver Films,0.0
Silver Screen Partners IV,25000000.0
Sixteen Films,0.0
Skydance Animation,0.0
Skydance Media,120000000.0
Société Générale de Cinématographie (S.G.C.),0.0
Société Nouvelle Pathé Cinéma,0.0
Société des Producteurs de L'Angoa,7300000.0
Société générale des films,0.0
Softbank Ventures,6000000.0
Sony Pictures Animation,50000000.0
Sovinfilm,875000.0
Spyglass Entertainment,40000000.0
Stanley Donen Films,4000000.0
Stanley Kramer Productions,1365000.0
Stanley Kubrick Productions,12000000.0
Star Film,5985.0
Star Thrower Entertainment,50000000.0
Studio Babelsberg,62770198.0
Studio Chizu,0.0
Studio Colorido,0.0
Studio Deen,0.0
Studio Durian,0.0
Studio Ghibli,16378571.42857143
StudioCanal,14333333.333333334
Suede Film,0.0
Summit Entertainment,35000000.0
Super Cool ManChu,42500000.0
Syncopy,175000000.0
Símio Filmes,1430000.0
TBS,0.0
TF1 Films Production,21400000.0
TOHO,755454.5454545454
TPS Company,0.0
TS Productions,6800000.0
Tango Film,130000.0
Tantrum Films,0.0
Taodue Film,0.0
Taylor Swift Productions,15000000.0
Temple Hill Entertainment,20000000.0
Teshigahara Productions,0.0
The Archers,475000.0
The Associates & Aldrich Company,980000.0
The Awakening Production,86000000.0
The Directors Company,2500000.0
The Jim Henson Company,35000000.0
The LAMP,12820005.0
The Ladd Company,72000000.0
The Mirisch Company,3370962.0
The Princess Bride Ltd.,16000000.0
The Saul Zaentz Company,18000000.0
The Steve Tisch Company,1350000.0
The Weinstein Company,42750000.0
The Zanuck/Brown Company,7000000.0
Think Studio,4000000.0
Thunder Road,100000000.0
Tig Productions,22000000.0
Titanus,0.0
Titti Film,0.0
Toei Animation,1333333.3333333333
Toei Company,1000000.0
Tokuma Shoten,0.0
Topcraft,1000000.0
Topkapi Films,0.0
Touchstone Pictures,26500000.0
Touché Films,0.0
Traction Media,1000000.0
Transatlantic Pictures,1500000.0
Tretye Tvorcheskoe Obyedinenie,0.0
TriStar Pictures,25333333.333333332
Truth Entertainment,5000000.0
Tsuburaya Productions,0.0
Tyler Perry Studios,0.0
Téléfilm Canada,13000000.0
UFA,1766666.6666666667
UM Group,1000000.0
Ultramar Films,0.0
Unit Four,0.0
United Artists,9446666.666666666
United Feature Syndicate,96000.0
Universal International Pictures,414500.0
Universal Pictures,29768702.666666668
Universal Pictures do Brasil,4000000.0
Unión Industrial Cinematográfica,0.0
Valoria Films,0.0
Vendôme Pictures,10000000.0
Vera Film,0.0
Viacom International Inc.,0.0
Viacom18 Studios,4500000.0
Victoires Productions,10000000.0
VideoFilmes,1480000.0
Videocine,0.0
Vidhu Vinod Chopra Productions,9000000.0
Village Roadshow Pictures,63000000.0
Virtual Studios,54000000.0
Véra Films,0.0
Walt Disney Animation Studios,112500000.0
Walt Disney Feature Animation,59000000.0
Walt Disney Pictures,69777777.77777778
Walt Disney Productions,60000.0
Walter Wanger Productions,531374.0
Warner Bros Pictures Italia,75000.0
Warner Bros. Animation,0.0
Warner Bros. Feature Animation,50000000.0
Warner Bros. International Television Production Sweden,0.0
Warner Bros. Japan,0.0
Warner Bros. Pictures,66628065.90909091
Warner Bros.-Seven Arts,3200000.0
Warner Independent Pictures,2700000.0
Warner Premiere,3500000.0
Wayfarer Entertainment,7000000.0
Werner Herzog Filmproduktion,7362000.0
Westbrook,0.0
Western-World Television Inc.,420000.0
Whiplash Productions,0.0
Wildside,9000000.0
Wildwood Enterprises,8500000.0
William Castle Productions,3200000.0
Winkler Films,13000000.0
Working Title Films,15000000.0
Wytwórnia Filmów Dokumentalnych i Fabularnych,0.0
Yang & His Gang Filmmakers,0.0
Yarno Cinematografica,0.0
Yash Raj Films,13200000.0
Yong Film,119.0
ZAG Entertainment,0.0
Zentropa Entertainments,9216666.666666666
Zentropa International Berlin,8500000.0
Zentropa International Sweden,3800000.0
bilibili,0.0
gray-film,0.0
khara,19850000.0
kurhaus production,0.0
ufotable,15700000.0
África Filmes,0.0
